{"stats":{"minecraft:killed_by":{"iceandfire:ghost":1},"minecraft:mined":{"minecraft:hay_block":23,"luminousworld:savannah_soil":5,"minecraft:glass_pane":6,"placeablesmod:iron_pickaxe_block":1,"luminousworld:tall_deadbush":1,"minecraft:yellow_bed":1,"minecraft:red_wall_banner":2,"luminousworld:savannah_grass_1":10,"minecraft:grass":2,"minecraft:acacia_log":3,"minecraft:oak_sign":1,"minecraft:glass":1,"minecraft:tall_grass":1,"luminousworld:elephant_grass":4,"luminousworld:savannah_grass_4":9,"luminousworld:groundpebbles_3":1,"luminousworld:savanna_grass_2":19,"luminousworld:savannah_ground":3},"minecraft:used":{"minecraft:writable_book":1,"minecraft:lantern":1,"minecraft:bread":13,"luminousworld:savannah_ground":1,"minecraft:crafting_table":1,"minecraft:red_banner":1,"tombstone:gift":2,"minecraft:experience_bottle":1},"minecraft:crafted":{"minecraft:crafting_table":1,"minecraft:acacia_planks":12,"minecraft:bread":15,"minecraft:wheat":45},"minecraft:broken":{"minecraft:diamond_boots":1},"minecraft:custom":{"minecraft:interact_with_smithing_table":1,"minecraft:time_since_rest":1,"minecraft:sprint_one_cm":118371,"minecraft:damage_taken":734,"minecraft:walk_one_cm":56054,"minecraft:drop":9,"minecraft:damage_dealt":366,"minecraft:swim_one_cm":9316,"minecraft:interact_with_crafting_table":1,"minecraft:fly_one_cm":86778,"minecraft:open_chest":16,"minecraft:crouch_one_cm":1222,"minecraft:play_time":24872,"minecraft:sneak_time":545,"minecraft:deaths":1,"minecraft:walk_under_water_one_cm":1122,"minecraft:jump":422,"minecraft:leave_game":6,"minecraft:time_since_death":13,"minecraft:walk_on_water_one_cm":3455,"minecraft:total_world_time":24872,"minecraft:fall_one_cm":11300},"minecraft:picked_up":{"iceandfire:dragon_skull_lightning":1,"luminousworld:groundpebbles_1":1,"minecraft:wheat":3,"luminousworld:savannah_ground":3,"iceandfire:dragonbone":19,"minecraft:acacia_log":3,"luminousworld:savannah_soil":5,"minecraft:enchanted_book":5,"minecraft:red_banner":2,"minecraft:yellow_bed":1,"naturalist:duck_egg":1,"minecraft:lantern":2,"minecraft:item_frame":4,"minecraft:experience_bottle":1,"quark:clear_shard":4,"minecraft:wheat_seeds":3,"minecraft:writable_book":1,"minecraft:hay_block":22,"minecraft:iron_ingot":1,"luminousworld:elephant_grass":1,"minecraft:iron_pickaxe":1,"minecraft:melon_seeds":1},"minecraft:dropped":{"minecraft:enchanted_book":3,"minecraft:wheat_seeds":2,"minecraft:melon_seeds":1,"minecraft:lantern":1,"iceandfire:dragonbone":19}},"DataVersion":3465}