{"stats":{"minecraft:mined":{"minecraft:hay_block":23,"luminousworld:savannah_soil":2,"minecraft:glass_pane":4,"placeablesmod:iron_pickaxe_block":1,"luminousworld:tall_deadbush":1,"minecraft:yellow_bed":1,"minecraft:red_wall_banner":1,"luminousworld:savannah_grass_1":5,"minecraft:grass":2,"minecraft:acacia_log":3,"minecraft:oak_sign":1,"minecraft:glass":1,"minecraft:tall_grass":1,"luminousworld:savannah_grass_4":7,"luminousworld:elephant_grass":4,"luminousworld:groundpebbles_3":1,"luminousworld:savanna_grass_2":14,"luminousworld:savannah_ground":2},"minecraft:used":{"minecraft:bread":5,"luminousworld:savannah_ground":1,"minecraft:crafting_table":1,"tombstone:gift":2,"minecraft:experience_bottle":1},"minecraft:crafted":{"minecraft:crafting_table":1,"minecraft:acacia_planks":12,"minecraft:bread":15,"minecraft:wheat":45},"minecraft:custom":{"minecraft:interact_with_smithing_table":1,"minecraft:time_since_rest":18199,"minecraft:sprint_one_cm":83182,"minecraft:damage_taken":276,"minecraft:walk_one_cm":41811,"minecraft:drop":5,"minecraft:damage_dealt":322,"minecraft:swim_one_cm":9316,"minecraft:interact_with_crafting_table":1,"minecraft:fly_one_cm":64321,"minecraft:open_chest":10,"minecraft:crouch_one_cm":871,"minecraft:play_time":18199,"minecraft:sneak_time":345,"minecraft:walk_under_water_one_cm":1122,"minecraft:jump":290,"minecraft:leave_game":1,"minecraft:walk_on_water_one_cm":3455,"minecraft:time_since_death":18199,"minecraft:total_world_time":18199,"minecraft:fall_one_cm":7579},"minecraft:picked_up":{"iceandfire:dragon_skull_lightning":1,"luminousworld:groundpebbles_1":1,"luminousworld:savannah_ground":2,"minecraft:wheat":3,"iceandfire:dragonbone":19,"minecraft:acacia_log":3,"luminousworld:savannah_soil":2,"minecraft:enchanted_book":2,"minecraft:red_banner":1,"minecraft:yellow_bed":1,"naturalist:duck_egg":1,"minecraft:lantern":1,"minecraft:item_frame":3,"minecraft:experience_bottle":1,"quark:clear_shard":4,"minecraft:wheat_seeds":3,"minecraft:hay_block":22,"luminousworld:elephant_grass":1,"minecraft:iron_pickaxe":1,"minecraft:melon_seeds":1},"minecraft:dropped":{"minecraft:wheat_seeds":2,"minecraft:melon_seeds":1,"iceandfire:dragonbone":19}},"DataVersion":3465}