{"stats":{"minecraft:mined":{"minecraft:hay_block":23,"minecraft:glass_pane":2,"placeablesmod:iron_pickaxe_block":1,"minecraft:yellow_bed":1,"luminousworld:savannah_grass_1":1,"minecraft:acacia_log":3,"minecraft:glass":1,"minecraft:tall_grass":1,"luminousworld:groundpebbles_3":1,"luminousworld:savanna_grass_2":2},"minecraft:used":{"minecraft:bread":3,"minecraft:crafting_table":1,"minecraft:experience_bottle":1},"minecraft:crafted":{"minecraft:crafting_table":1,"minecraft:acacia_planks":12,"minecraft:bread":15,"minecraft:wheat":45},"minecraft:custom":{"minecraft:interact_with_smithing_table":1,"minecraft:time_since_rest":9612,"minecraft:sprint_one_cm":43203,"minecraft:damage_taken":140,"minecraft:walk_one_cm":22398,"minecraft:drop":4,"minecraft:damage_dealt":9,"minecraft:swim_one_cm":4292,"minecraft:interact_with_crafting_table":1,"minecraft:fly_one_cm":30866,"minecraft:open_chest":3,"minecraft:crouch_one_cm":747,"minecraft:play_time":9612,"minecraft:sneak_time":254,"minecraft:walk_under_water_one_cm":765,"minecraft:jump":161,"minecraft:walk_on_water_one_cm":2449,"minecraft:time_since_death":9612,"minecraft:total_world_time":9612,"minecraft:fall_one_cm":5315},"minecraft:picked_up":{"iceandfire:dragon_skull_lightning":1,"luminousworld:groundpebbles_1":1,"minecraft:wheat":3,"iceandfire:dragonbone":19,"minecraft:acacia_log":3,"minecraft:enchanted_book":2,"minecraft:yellow_bed":1,"naturalist:duck_egg":1,"minecraft:lantern":1,"minecraft:item_frame":3,"minecraft:experience_bottle":1,"quark:clear_shard":4,"minecraft:wheat_seeds":2,"minecraft:hay_block":22,"minecraft:iron_pickaxe":1,"minecraft:melon_seeds":1},"minecraft:dropped":{"minecraft:wheat_seeds":2,"minecraft:melon_seeds":1,"iceandfire:dragonbone":1}},"DataVersion":3465}