{"stats":{"minecraft:custom":{"minecraft:jump":15,"minecraft:time_since_rest":2459,"minecraft:damage_dealt":10,"minecraft:leave_game":2,"minecraft:play_time":2459,"minecraft:sprint_one_cm":13242,"minecraft:damage_taken":110,"minecraft:time_since_death":2459,"minecraft:walk_one_cm":3428,"minecraft:total_world_time":2459,"minecraft:fly_one_cm":3200},"minecraft:mined":{"minecraft:grass":2,"minecraft:tall_grass":1},"minecraft:picked_up":{"minecraft:arrow":2,"minecraft:wheat_seeds":1}},"DataVersion":3465}