{"stats":{"minecraft:mined":{"minecraft:grass":1,"minecraft:oak_log":1,"minecraft:tall_grass":2,"minecraft:azure_bluet":1,"minecraft:cornflower":1},"minecraft:used":{"minecraft:crafting_table":1},"minecraft:picked_up":{"minecraft:azure_bluet":1,"minecraft:wheat_seeds":1,"minecraft:oak_log":1,"minecraft:cornflower":1},"minecraft:custom":{"minecraft:time_since_rest":3675,"minecraft:crouch_one_cm":87,"minecraft:play_time":3675,"minecraft:sprint_one_cm":6062,"minecraft:walk_one_cm":2477,"minecraft:sneak_time":13,"minecraft:jump":31,"minecraft:leave_game":1,"minecraft:time_since_death":3675,"minecraft:total_world_time":3675,"minecraft:fly_one_cm":6897,"minecraft:fall_one_cm":1161,"minecraft:interact_with_crafting_table":1},"minecraft:crafted":{"minecraft:oak_planks":4,"minecraft:crafting_table":1}},"DataVersion":3465}