{"stats":{"minecraft:picked_up":{"minecraft:crafting_table":5,"minecraft:iron_chestplate":1,"minecraft:raw_iron":4,"minecraft:leather":3,"minecraft:stone_slab":1,"minecraft:porkchop":18,"minecraft:spruce_log":4,"minecraft:dirt":6,"minecraft:rabbit_foot":1,"minecraft:armor_stand":2,"minecraft:wheat_seeds":4,"minecraft:rabbit_hide":1,"minecraft:iron_helmet":1,"minecraft:beef":3,"minecraft:rabbit":2,"minecraft:cod":2,"minecraft:mutton":6,"minecraft:coal":19,"minecraft:white_wool":3,"minecraft:cobblestone":90,"minecraft:furnace":1},"minecraft:crafted":{"minecraft:cooked_porkchop":4,"minecraft:crafting_table":1,"minecraft:spruce_planks":28,"minecraft:stick":12,"minecraft:wooden_pickaxe":1,"minecraft:stone_pickaxe":1,"minecraft:wooden_axe":1,"minecraft:stone_sword":1,"minecraft:chest":1,"minecraft:furnace":1,"minecraft:air":0},"minecraft:killed":{"minecraft:sheep":3,"minecraft:pig":5,"minecraft:rabbit":2,"minecraft:cow":2,"minecraft:polar_bear":1},"minecraft:mined":{"minecraft:furnace":1,"minecraft:iron_ore":4,"minecraft:spruce_log":4,"minecraft:crafting_table":5,"minecraft:grass":3,"minecraft:grass_block":4,"minecraft:coal_ore":19,"minecraft:dirt":2,"minecraft:stone_slab":1,"minecraft:tall_grass":1,"minecraft:spruce_leaves":2,"minecraft:stone":85,"minecraft:fern":1},"minecraft:custom":{"minecraft:time_since_rest":7696,"minecraft:interact_with_furnace":3,"minecraft:sprint_one_cm":110264,"minecraft:damage_taken":180,"minecraft:walk_one_cm":76303,"minecraft:mob_kills":15,"minecraft:damage_dealt":1546,"minecraft:swim_one_cm":5837,"minecraft:interact_with_crafting_table":10,"minecraft:fly_one_cm":234903,"minecraft:open_chest":3,"minecraft:play_time":34503,"minecraft:crouch_one_cm":1113,"minecraft:sneak_time":443,"minecraft:walk_under_water_one_cm":888,"minecraft:jump":902,"minecraft:interact_with_blast_furnace":3,"minecraft:leave_game":1,"minecraft:time_since_death":34503,"minecraft:walk_on_water_one_cm":1787,"minecraft:sleep_in_bed":2,"minecraft:total_world_time":34503,"minecraft:fall_one_cm":26309},"minecraft:used":{"minecraft:wooden_axe":25,"minecraft:stone_sword":40,"minecraft:rabbit":2,"minecraft:stone_pickaxe":100,"minecraft:bread":1,"minecraft:wooden_pickaxe":10,"minecraft:furnace":1,"minecraft:crafting_table":5,"minecraft:porkchop":1,"minecraft:cooked_porkchop":4}},"DataVersion":3465}