{"stats":{"minecraft:killed_by":{"minecraft:vindicator":1,"alexsmobs:crocodile":2},"minecraft:crafted":{"minecraft:wooden_sword":1,"vanillaplustools:stone_hammer":2,"minecraft:crafting_table":1,"minecraft:wooden_pickaxe":1,"minecraft:furnace":1,"minecraft:stick":88,"minecraft:stone_pickaxe":18,"minecraft:wooden_axe":1,"minecraft:acacia_planks":24},"minecraft:custom":{"minecraft:interact_with_furnace":1,"minecraft:mob_kills":3,"minecraft:interact_with_crafting_table":6,"minecraft:time_since_death":17744,"minecraft:sleep_in_bed":3,"minecraft:time_since_rest":14484,"minecraft:sprint_one_cm":130981,"minecraft:damage_taken":1040,"minecraft:walk_one_cm":99563,"minecraft:drop":2,"minecraft:damage_dealt":576,"minecraft:fly_one_cm":150286,"minecraft:open_chest":20,"minecraft:crouch_one_cm":633,"minecraft:deaths":3,"minecraft:play_time":40714,"tombstone:undead_killed":1,"minecraft:sneak_time":74,"minecraft:jump":640,"minecraft:walk_on_water_one_cm":205,"minecraft:total_world_time":40714,"minecraft:fall_one_cm":15096},"minecraft:mined":{"luminousworld:savannah_soil":1,"iceandfire:silver_ore":3,"minecraft:crafting_table":3,"luminousworld:savannah_grass_1":9,"minecraft:granite":11,"minecraft:acacia_log":11,"luminousworld:bao_bob_wood":1,"born_in_chaos_v1:black_argillite":1,"minecraft:diorite":39,"luminousworld:savanna_grass_2":2,"minecraft:deepslate_copper_ore":2,"minecraft:skeleton_skull":1,"minecraft:furnace":1,"minecraft:iron_ore":45,"minecraft:andesite":173,"minecraft:grass":2,"minecraft:deepslate_iron_ore":16,"minecraft:oak_log":4,"minecraft:coal_ore":61,"luminousworld:ishstone":13,"minecraft:acacia_fence":1,"minecraft:stone":621,"luminousworld:elephant_grass":1,"luminousworld:savannah_grass_4":2,"minecraft:deepslate":154},"minecraft:killed":{"earthmobsmod:duck":1,"luminousworld:savannah_skeleton":1,"alexsmobs:crocodile":1},"minecraft:picked_up":{"minecraft:crafting_table":3,"minecraft:feather":1,"minecraft:chicken":1,"minecraft:salmon":1,"minecraft:andesite":170,"luminousworld:ishstone":12,"luminousworld:bao_bob_wood":1,"minecraft:oak_log":3,"tombstone:grave_key":1,"minecraft:lapis_lazuli":1,"minecraft:raw_copper":5,"minecraft:cooked_mutton":1,"minecraft:experience_bottle":1,"minecraft:apple":1,"minecraft:wheat_seeds":11,"minecraft:cobbled_deepslate":69,"minecraft:iron_ingot":1,"luminousworld:elephant_grass":1,"minecraft:rabbit":1,"minecraft:furnace":1,"minecraft:book":4,"minecraft:stick":1,"minecraft:raw_iron":61,"minecraft:acacia_fence":1,"minecraft:acacia_log":12,"luminousworld:savannah_soil":1,"minecraft:diorite":35,"alexsmobs:crocodile_scute":1,"minecraft:arrow":2,"minecraft:weeping_vines":1,"minecraft:granite":11,"minecraft:emerald":1,"minecraft:gold_ingot":1,"minecraft:coal":61,"minecraft:skeleton_skull":1,"iceandfire:raw_silver":3,"minecraft:cobblestone":619},"minecraft:used":{"minecraft:wooden_pickaxe":48,"vanillaplustools:stone_hammer":127,"minecraft:crafting_table":3,"minecraft:wooden_axe":9,"minecraft:bread":7,"minecraft:wooden_sword":24,"minecraft:furnace":1,"minecraft:acacia_fence":1,"tombstone:gift":2},"minecraft:dropped":{"minecraft:raw_copper":5,"luminousworld:elephant_grass":1}},"DataVersion":3465}