{"stats":{"minecraft:killed":{"minecraft:pig":10,"creeperoverhaul:bamboo_creeper":1,"minecraft:sheep":5,"minecraft:zombie":1,"minecraft:chicken":4,"minecraft:cow":4},"minecraft:broken":{"minecraft:wooden_axe":4},"minecraft:killed_by":{"minecraft:skeleton":1},"minecraft:used":{"minecraft:cooked_mutton":4,"minecraft:stone_sword":7,"minecraft:stone_pickaxe":105,"minecraft:wooden_pickaxe":50,"toomanyores:redstone_pickaxe":30,"minecraft:torch":2,"minecraft:dirt":2,"minecraft:mutton":6,"minecraft:crafting_table":15,"minecraft:wooden_axe":277,"minecraft:apple":4,"minecraft:chicken":4,"minecraft:bread":1,"minecraft:iron_pickaxe":1,"minecraft:stone_axe":83,"minecraft:cobblestone":2,"minecraft:porkchop":9,"minecraft:gray_bed":1,"minecraft:acacia_planks":20},"minecraft:picked_up":{"minecraft:birch_log":2,"minecraft:crafting_table":12,"minecraft:feather":4,"minecraft:chicken":4,"minecraft:tripwire_hook":1,"minecraft:leather":4,"minecraft:oak_log":123,"minecraft:dirt":32,"minecraft:raw_copper":5,"minecraft:apple":4,"minecraft:wheat_seeds":24,"minecraft:beef":9,"minecraft:light_gray_wool":1,"minecraft:bamboo":8,"minecraft:gray_bed":1,"minecraft:acacia_sapling":27,"minecraft:egg":1,"minecraft:stick":58,"minecraft:torch":2,"minecraft:acacia_log":143,"minecraft:dripstone_block":4,"minecraft:porkchop":19,"minecraft:pointed_dripstone":1,"minecraft:redstone":14,"minecraft:mossy_cobblestone":13,"minecraft:rotten_flesh":2,"minecraft:oak_sapling":35,"minecraft:mutton":8,"minecraft:coal":35,"minecraft:white_wool":4,"minecraft:cobblestone":118},"minecraft:crafted":{"minecraft:oak_planks":300,"minecraft:cooked_porkchop":2,"minecraft:crafting_table":5,"minecraft:wooden_pickaxe":2,"minecraft:birch_planks":8,"minecraft:oak_wood":6,"minecraft:stone_axe":2,"minecraft:cooked_mutton":5,"minecraft:air":0,"toomanyores:redstone_pickaxe":1,"minecraft:stick":72,"minecraft:iron_pickaxe":1,"minecraft:stone_pickaxe":3,"minecraft:wooden_axe":5,"minecraft:stone_sword":1,"minecraft:acacia_planks":204,"minecraft:torch":4,"minecraft:gray_bed":1},"minecraft:mined":{"minecraft:mossy_cobblestone":14,"minecraft:jungle_leaves":2,"minecraft:crafting_table":12,"minecraft:glow_lichen":1,"minecraft:torch":2,"minecraft:acacia_log":112,"minecraft:grass_block":4,"minecraft:redstone_wire":14,"minecraft:tall_grass":9,"minecraft:copper_ore":2,"minecraft:cobblestone":6,"minecraft:birch_log":2,"minecraft:gray_bed":1,"minecraft:grass":18,"minecraft:oak_log":132,"minecraft:coal_ore":35,"minecraft:dirt_path":2,"minecraft:vine":2,"minecraft:dripstone_block":4,"minecraft:dirt":26,"minecraft:bamboo":1,"minecraft:stone":113,"minecraft:oak_leaves":21},"minecraft:dropped":{"minecraft:rotten_flesh":1},"minecraft:custom":{"minecraft:interact_with_furnace":1,"minecraft:mob_kills":25,"minecraft:interact_with_crafting_table":18,"minecraft:interact_with_loom":1,"minecraft:leave_game":4,"minecraft:time_since_death":30341,"minecraft:sleep_in_bed":9,"minecraft:climb_one_cm":8772,"minecraft:time_since_rest":15953,"minecraft:sprint_one_cm":234385,"minecraft:damage_taken":1485,"minecraft:walk_one_cm":188092,"minecraft:drop":1,"minecraft:damage_dealt":2962,"minecraft:swim_one_cm":2104,"minecraft:fly_one_cm":284935,"minecraft:player_kills":1,"minecraft:open_chest":20,"minecraft:crouch_one_cm":5171,"minecraft:play_time":84029,"minecraft:deaths":3,"minecraft:sneak_time":1680,"minecraft:walk_under_water_one_cm":456,"minecraft:jump":1599,"minecraft:walk_on_water_one_cm":2504,"minecraft:interact_with_smoker":9,"minecraft:total_world_time":84029,"minecraft:fall_one_cm":51473,"minecraft:inspect_dispenser":1}},"DataVersion":3465}