{"stats":{"minecraft:custom":{"minecraft:interact_with_furnace":4,"minecraft:mob_kills":29,"minecraft:interact_with_crafting_table":20,"minecraft:interact_with_loom":1,"minecraft:leave_game":6,"minecraft:time_since_death":16537,"minecraft:sleep_in_bed":9,"minecraft:climb_one_cm":17742,"minecraft:time_since_rest":14138,"minecraft:sprint_one_cm":331740,"minecraft:damage_taken":2115,"minecraft:walk_one_cm":250721,"minecraft:drop":1,"minecraft:damage_dealt":3691,"minecraft:swim_one_cm":4620,"minecraft:player_kills":1,"minecraft:fly_one_cm":403190,"minecraft:open_chest":56,"minecraft:crouch_one_cm":5171,"minecraft:play_time":106164,"tombstone:undead_killed":1,"minecraft:deaths":5,"minecraft:sneak_time":1688,"minecraft:walk_under_water_one_cm":816,"minecraft:jump":2329,"minecraft:walk_on_water_one_cm":5852,"minecraft:interact_with_smoker":9,"minecraft:total_world_time":106164,"minecraft:fall_one_cm":66825,"minecraft:inspect_dispenser":3},"minecraft:picked_up":{"minecraft:birch_log":2,"minecraft:crafting_table":15,"minecraft:feather":4,"minecraft:chicken":5,"minecraft:tripwire_hook":1,"minecraft:jungle_log":3,"minecraft:leather":4,"minecraft:oak_log":127,"minecraft:dirt":33,"minecraft:moss_carpet":1,"minecraft:raw_copper":5,"minecraft:bone":1,"minecraft:apple":4,"minecraft:wheat_seeds":24,"minecraft:beef":11,"minecraft:light_gray_wool":1,"minecraft:bamboo":8,"minecraft:gray_bed":1,"minecraft:acacia_sapling":27,"minecraft:furnace":1,"minecraft:egg":1,"minecraft:stick":58,"minecraft:torch":2,"minecraft:acacia_log":143,"minecraft:dripstone_block":4,"minecraft:porkchop":19,"minecraft:pointed_dripstone":1,"minecraft:redstone":16,"minecraft:mossy_cobblestone":13,"minecraft:rotten_flesh":4,"minecraft:lever":1,"minecraft:oak_sapling":36,"minecraft:mutton":8,"minecraft:coal":35,"minecraft:white_wool":4,"minecraft:cobblestone":118},"minecraft:used":{"minecraft:cooked_mutton":4,"minecraft:stone_sword":30,"minecraft:stone_pickaxe":106,"minecraft:wooden_pickaxe":50,"minecraft:torch":2,"minecraft:dirt":4,"minecraft:mutton":6,"minecraft:crafting_table":17,"minecraft:wooden_axe":277,"minecraft:apple":4,"minecraft:chicken":5,"minecraft:bread":1,"minecraft:iron_pickaxe":1,"minecraft:stone_axe":95,"minecraft:cobblestone":2,"minecraft:furnace":1,"minecraft:porkchop":9,"minecraft:gray_bed":1,"minecraft:cooked_beef":2,"minecraft:acacia_planks":20},"minecraft:dropped":{"minecraft:rotten_flesh":1},"minecraft:killed":{"minecraft:pig":10,"enemyexpansion:direwolf":1,"born_in_chaos_v1:decrepit_skeleton":1,"creeperoverhaul:bamboo_creeper":1,"minecraft:sheep":5,"minecraft:zombie":1,"minecraft:chicken":5,"minecraft:cow":5},"minecraft:killed_by":{"minecraft:skeleton":1,"undead_revamp2:thespitter":1},"minecraft:mined":{"minecraft:mossy_cobblestone":14,"minecraft:jungle_leaves":2,"minecraft:crafting_table":15,"minecraft:glow_lichen":1,"minecraft:torch":2,"minecraft:acacia_log":112,"minecraft:grass_block":5,"minecraft:jungle_log":4,"minecraft:redstone_wire":16,"minecraft:tall_grass":9,"minecraft:copper_ore":2,"minecraft:cobblestone":6,"minecraft:furnace":1,"minecraft:birch_log":2,"minecraft:gray_bed":1,"minecraft:birch_leaves":1,"minecraft:grass":18,"minecraft:oak_log":136,"minecraft:coal_ore":35,"minecraft:dirt_path":2,"minecraft:vine":3,"minecraft:dripstone_block":4,"minecraft:dirt":26,"minecraft:bamboo":1,"minecraft:stone":113,"minecraft:oak_leaves":32},"minecraft:crafted":{"minecraft:cooked_beef":2,"minecraft:oak_planks":300,"minecraft:cooked_porkchop":2,"minecraft:crafting_table":5,"minecraft:wooden_pickaxe":2,"minecraft:furnace":1,"minecraft:birch_planks":8,"minecraft:oak_wood":6,"minecraft:stone_axe":2,"minecraft:cooked_mutton":5,"minecraft:air":0,"minecraft:stick":72,"minecraft:iron_pickaxe":1,"minecraft:stone_pickaxe":3,"minecraft:wooden_axe":5,"minecraft:stone_sword":1,"minecraft:acacia_planks":204,"minecraft:torch":4,"minecraft:gray_bed":1},"minecraft:broken":{"minecraft:wooden_axe":4}},"DataVersion":3465}