{"stats":{"minecraft:killed":{"minecraft:pig":8,"creeperoverhaul:bamboo_creeper":1,"minecraft:sheep":3,"minecraft:cow":4},"minecraft:broken":{"minecraft:wooden_axe":3},"minecraft:killed_by":{"minecraft:skeleton":1},"minecraft:used":{"minecraft:cooked_mutton":4,"minecraft:stone_pickaxe":105,"minecraft:wooden_pickaxe":50,"toomanyores:redstone_pickaxe":30,"minecraft:torch":2,"minecraft:dirt":2,"minecraft:mutton":2,"minecraft:crafting_table":13,"minecraft:wooden_axe":249,"minecraft:apple":4,"minecraft:bread":1,"minecraft:iron_pickaxe":1,"minecraft:stone_axe":47,"minecraft:cobblestone":2,"minecraft:porkchop":5,"minecraft:gray_bed":1,"minecraft:acacia_planks":20},"minecraft:picked_up":{"minecraft:birch_log":2,"minecraft:crafting_table":10,"minecraft:tripwire_hook":1,"minecraft:leather":4,"minecraft:oak_log":93,"minecraft:dirt":29,"minecraft:raw_copper":5,"minecraft:apple":4,"minecraft:wheat_seeds":24,"minecraft:beef":9,"minecraft:light_gray_wool":1,"minecraft:bamboo":8,"minecraft:gray_bed":1,"minecraft:acacia_sapling":27,"minecraft:egg":1,"minecraft:stick":50,"minecraft:torch":2,"minecraft:acacia_log":143,"minecraft:dripstone_block":4,"minecraft:porkchop":15,"minecraft:pointed_dripstone":1,"minecraft:redstone":14,"minecraft:mossy_cobblestone":13,"minecraft:rotten_flesh":1,"minecraft:oak_sapling":27,"minecraft:mutton":4,"minecraft:coal":35,"minecraft:white_wool":2,"minecraft:cobblestone":118},"minecraft:crafted":{"minecraft:oak_planks":208,"minecraft:cooked_porkchop":2,"minecraft:crafting_table":5,"minecraft:wooden_pickaxe":2,"minecraft:birch_planks":8,"minecraft:oak_wood":6,"minecraft:stone_axe":1,"minecraft:cooked_mutton":5,"minecraft:air":0,"toomanyores:redstone_pickaxe":1,"minecraft:stick":16,"minecraft:iron_pickaxe":1,"minecraft:stone_pickaxe":2,"minecraft:wooden_axe":5,"minecraft:acacia_planks":204,"minecraft:torch":4,"minecraft:gray_bed":1},"minecraft:mined":{"minecraft:mossy_cobblestone":14,"minecraft:jungle_leaves":2,"minecraft:crafting_table":10,"minecraft:glow_lichen":1,"minecraft:torch":2,"minecraft:acacia_log":112,"minecraft:grass_block":3,"minecraft:redstone_wire":14,"minecraft:tall_grass":5,"minecraft:copper_ore":2,"minecraft:cobblestone":6,"minecraft:birch_log":2,"minecraft:gray_bed":1,"minecraft:grass":15,"minecraft:oak_log":94,"minecraft:coal_ore":35,"minecraft:dirt_path":2,"minecraft:vine":2,"minecraft:dripstone_block":4,"minecraft:dirt":24,"minecraft:bamboo":1,"minecraft:stone":113,"minecraft:oak_leaves":21},"minecraft:custom":{"minecraft:interact_with_furnace":1,"minecraft:mob_kills":16,"minecraft:interact_with_crafting_table":17,"minecraft:interact_with_loom":1,"minecraft:leave_game":3,"minecraft:time_since_death":21332,"minecraft:sleep_in_bed":9,"minecraft:climb_one_cm":5704,"minecraft:time_since_rest":6944,"minecraft:sprint_one_cm":192191,"minecraft:damage_taken":1375,"minecraft:walk_one_cm":166517,"minecraft:damage_dealt":2143,"minecraft:swim_one_cm":2104,"minecraft:fly_one_cm":239642,"minecraft:player_kills":1,"minecraft:open_chest":20,"minecraft:crouch_one_cm":5171,"minecraft:play_time":75020,"minecraft:deaths":3,"minecraft:sneak_time":1680,"minecraft:walk_under_water_one_cm":456,"minecraft:jump":1364,"minecraft:walk_on_water_one_cm":1263,"minecraft:interact_with_smoker":9,"minecraft:total_world_time":75020,"minecraft:fall_one_cm":44127,"minecraft:inspect_dispenser":1}},"DataVersion":3465}