{"stats":{"minecraft:custom":{"minecraft:interact_with_furnace":1,"minecraft:mob_kills":26,"minecraft:interact_with_crafting_table":18,"minecraft:interact_with_loom":1,"minecraft:leave_game":6,"minecraft:time_since_death":4537,"minecraft:sleep_in_bed":9,"minecraft:climb_one_cm":13977,"minecraft:time_since_rest":2138,"minecraft:sprint_one_cm":276582,"minecraft:damage_taken":1940,"minecraft:walk_one_cm":202798,"minecraft:drop":1,"minecraft:damage_dealt":3200,"minecraft:swim_one_cm":2104,"minecraft:player_kills":1,"minecraft:fly_one_cm":370934,"minecraft:open_chest":20,"minecraft:crouch_one_cm":5171,"minecraft:play_time":94164,"minecraft:deaths":5,"minecraft:sneak_time":1688,"minecraft:walk_under_water_one_cm":456,"minecraft:jump":2021,"minecraft:walk_on_water_one_cm":4438,"minecraft:interact_with_smoker":9,"minecraft:total_world_time":94164,"minecraft:fall_one_cm":60361,"minecraft:inspect_dispenser":1},"minecraft:picked_up":{"minecraft:birch_log":2,"minecraft:crafting_table":13,"minecraft:feather":4,"minecraft:chicken":4,"minecraft:tripwire_hook":1,"minecraft:leather":4,"minecraft:oak_log":123,"minecraft:dirt":33,"minecraft:raw_copper":5,"minecraft:apple":4,"minecraft:wheat_seeds":24,"minecraft:beef":9,"minecraft:light_gray_wool":1,"minecraft:bamboo":8,"minecraft:gray_bed":1,"minecraft:acacia_sapling":27,"minecraft:egg":1,"minecraft:stick":58,"minecraft:torch":2,"minecraft:acacia_log":143,"minecraft:dripstone_block":4,"minecraft:porkchop":19,"minecraft:pointed_dripstone":1,"minecraft:redstone":14,"minecraft:mossy_cobblestone":13,"minecraft:rotten_flesh":2,"minecraft:oak_sapling":35,"minecraft:mutton":8,"minecraft:coal":35,"minecraft:white_wool":4,"minecraft:cobblestone":118},"minecraft:used":{"minecraft:cooked_mutton":4,"minecraft:stone_sword":16,"minecraft:stone_pickaxe":105,"minecraft:wooden_pickaxe":50,"minecraft:torch":2,"minecraft:dirt":4,"minecraft:mutton":6,"minecraft:crafting_table":15,"minecraft:wooden_axe":277,"minecraft:apple":4,"minecraft:chicken":4,"minecraft:bread":1,"minecraft:iron_pickaxe":1,"minecraft:stone_axe":84,"minecraft:cobblestone":2,"minecraft:porkchop":9,"minecraft:gray_bed":1,"minecraft:acacia_planks":20},"minecraft:dropped":{"minecraft:rotten_flesh":1},"minecraft:killed":{"minecraft:pig":10,"enemyexpansion:direwolf":1,"creeperoverhaul:bamboo_creeper":1,"minecraft:sheep":5,"minecraft:zombie":1,"minecraft:chicken":4,"minecraft:cow":4},"minecraft:killed_by":{"minecraft:skeleton":1,"undead_revamp2:thespitter":1},"minecraft:mined":{"minecraft:mossy_cobblestone":14,"minecraft:jungle_leaves":2,"minecraft:crafting_table":13,"minecraft:glow_lichen":1,"minecraft:torch":2,"minecraft:acacia_log":112,"minecraft:grass_block":5,"minecraft:redstone_wire":14,"minecraft:tall_grass":9,"minecraft:copper_ore":2,"minecraft:cobblestone":6,"minecraft:birch_log":2,"minecraft:gray_bed":1,"minecraft:grass":18,"minecraft:oak_log":132,"minecraft:coal_ore":35,"minecraft:dirt_path":2,"minecraft:vine":2,"minecraft:dripstone_block":4,"minecraft:dirt":26,"minecraft:bamboo":1,"minecraft:stone":113,"minecraft:oak_leaves":25},"minecraft:crafted":{"minecraft:oak_planks":300,"minecraft:cooked_porkchop":2,"minecraft:crafting_table":5,"minecraft:wooden_pickaxe":2,"minecraft:birch_planks":8,"minecraft:oak_wood":6,"minecraft:stone_axe":2,"minecraft:cooked_mutton":5,"minecraft:air":0,"minecraft:stick":72,"minecraft:iron_pickaxe":1,"minecraft:stone_pickaxe":3,"minecraft:wooden_axe":5,"minecraft:stone_sword":1,"minecraft:acacia_planks":204,"minecraft:torch":4,"minecraft:gray_bed":1},"minecraft:broken":{"minecraft:wooden_axe":4}},"DataVersion":3465}