{"stats":{"minecraft:killed_by":{"minecraft:vindicator":1},"minecraft:custom":{"minecraft:time_since_rest":3583,"minecraft:open_chest":18,"minecraft:crouch_one_cm":384,"minecraft:walk_one_cm":34839,"minecraft:play_time":16714,"minecraft:sprint_one_cm":84425,"minecraft:damage_taken":320,"minecraft:deaths":1,"minecraft:sneak_time":46,"minecraft:jump":335,"minecraft:damage_dealt":20,"minecraft:time_since_death":14011,"minecraft:walk_on_water_one_cm":205,"minecraft:sleep_in_bed":2,"minecraft:total_world_time":16714,"minecraft:fall_one_cm":4735,"minecraft:fly_one_cm":78814},"minecraft:mined":{"luminousworld:bao_bob_wood":1,"minecraft:skeleton_skull":1},"minecraft:picked_up":{"minecraft:book":4,"minecraft:cooked_mutton":1,"minecraft:experience_bottle":1,"minecraft:weeping_vines":1,"minecraft:apple":1,"minecraft:salmon":1,"minecraft:wheat_seeds":11,"luminousworld:bao_bob_wood":1,"minecraft:iron_ingot":1,"tombstone:grave_key":1,"minecraft:gold_ingot":1,"minecraft:emerald":1,"minecraft:rabbit":1,"minecraft:skeleton_skull":1,"minecraft:lapis_lazuli":1},"minecraft:used":{"minecraft:bread":2,"tombstone:gift":1}},"DataVersion":3465}