{"stats":{"minecraft:mined":{"minecraft:jungle_leaves":3,"minecraft:granite":14,"minecraft:acacia_log":33,"luminousworld:bao_bob_wood":1,"minecraft:grass_block":1,"minecraft:polished_diorite":4,"luminousworld:savanna_grass_2":5,"minecraft:chiseled_stone_bricks":2,"minecraft:spawner":1,"minecraft:magma_block":2,"minecraft:cobbled_deepslate":22,"minecraft:iron_ore":45,"minecraft:sticky_piston":1,"minecraft:fire":1,"minecraft:deepslate_lapis_ore":1,"minecraft:pointed_dripstone":8,"minecraft:player_head":2,"minecraft:deepslate_redstone_ore":6,"luminousworld:tall_deadbush":3,"minecraft:smoker":1,"minecraft:cobblestone":1,"minecraft:wall_torch":1,"minecraft:deepslate_copper_ore":2,"minecraft:skeleton_skull":1,"minecraft:seagrass":1,"minecraft:stone_brick_stairs":8,"minecraft:grass":14,"minecraft:oak_log":9,"minecraft:acacia_fence":1,"minecraft:netherrack":1,"luminousworld:savannah_grass_4":2,"minecraft:oak_leaves":1,"minecraft:deepslate":1611,"minecraft:tuff":159,"iceandfire:silver_ore":4,"minecraft:deepslate_diamond_ore":66,"born_in_chaos_v1:black_argillite":1,"luminousworld:grassvariant_2":1,"quark:acacia_chest":2,"luminousworld:groundpebbles_3":1,"minecraft:furnace":6,"luminousworld:yellow_grassflowers":1,"minecraft:andesite":200,"minecraft:bookshelf":13,"minecraft:deepslate_iron_ore":16,"minecraft:stone":748,"luminousworld:savannah_soil":1,"minecraft:stone_brick_slab":6,"minecraft:crafting_table":8,"luminousworld:savannah_grass_1":14,"minecraft:campfire":1,"luminousworld:grassflowers":1,"minecraft:tall_grass":1,"minecraft:lapis_ore":19,"minecraft:diorite":39,"minecraft:yellow_bed":1,"minecraft:coal_ore":65,"luminousworld:ishstone":17,"minecraft:dripstone_block":3,"minecraft:cobweb":2,"minecraft:cracked_stone_bricks":6,"minecraft:stone_bricks":24,"luminousworld:elephant_grass":1,"minecraft:mossy_stone_bricks":6,"minecraft:iron_trapdoor":1,"minecraft:fern":2},"minecraft:crafted":{"minecraft:smooth_stone":2,"minecraft:stone":1,"minecraft:cooked_mutton":6,"quark:acacia_bookshelf":12,"vanillaplustools:iron_hammer":1,"minecraft:diamond_leggings":2,"minecraft:diamond_helmet":2,"minecraft:crafting_table":1,"minecraft:wooden_pickaxe":1,"minecraft:diamond_pickaxe":1,"minecraft:stick":92,"minecraft:iron_pickaxe":10,"minecraft:iron_ingot":21,"iceandfire:silver_sword":1,"minecraft:shears":1,"minecraft:wooden_sword":1,"vanillaplustools:stone_hammer":3,"minecraft:furnace":1,"stalwart_dungeons:diamond_hammer":2,"minecraft:leather":1,"minecraft:stone_pickaxe":27,"minecraft:diamond_boots":2,"minecraft:diamond_sword":2,"iceandfire:silver_ingot":3,"minecraft:enchanting_table":1,"minecraft:air":0,"minecraft:wooden_axe":1,"minecraft:acacia_planks":112,"minecraft:diamond_chestplate":2},"minecraft:picked_up":{"minecraft:wheat":4,"minecraft:chainmail_boots":1,"tombstone:grave_key":1,"alexsmobs:gazelle_horn":4,"minecraft:string":2,"minecraft:raw_copper":5,"minecraft:sticky_piston":1,"minecraft:experience_bottle":1,"minecraft:gold_nugget":142,"minecraft:cobbled_deepslate":1039,"minecraft:smooth_stone":1,"minecraft:furnace":7,"iceandfire:pixie_dust":3,"minecraft:stick":3,"born_in_chaos_v1:shattered_skull":1,"minecraft:acacia_fence":1,"minecraft:porkchop":4,"minecraft:torch":1,"minecraft:acacia_log":34,"minecraft:spruce_stairs":2,"luminousworld:savannah_soil":1,"minecraft:pointed_dripstone":9,"tombstone:grave_dust":6,"minecraft:diorite":35,"minecraft:golden_chestplate":1,"minecraft:stone_sword":1,"minecraft:rotten_flesh":13,"luminousworld:yellow_grassflowers":1,"aether:chainmail_gloves":1,"luminousworld:tall_deadbush":3,"minecraft:obsidian":4,"minecraft:cod":1,"minecraft:cobblestone":880,"luminousworld:savannah_ground":16,"ecologics:walnut":4,"minecraft:feather":3,"minecraft:andesite":262,"minecraft:smoker":1,"minecraft:tuff":64,"naturalist:lizard_tail":1,"minecraft:lapis_lazuli":211,"minecraft:dirt":1,"minecraft:lantern":1,"born_in_chaos_v1:monster_skin":1,"born_in_chaos_v1:marigolds":3,"minecraft:purple_carpet":1,"minecraft:bone":12,"minecraft:bow":4,"minecraft:wheat_seeds":42,"luminousworld:elephant_grass":9,"minecraft:mossy_stone_bricks":1,"minecraft:rabbit":1,"minecraft:bamboo":1,"iceandfire:shiny_scales":10,"minecraft:bundle":1,"alexsmobs:kangaroo_hide":2,"minecraft:diamond":111,"minecraft:lever":1,"minecraft:granite":25,"minecraft:bread":44,"minecraft:emerald":7,"minecraft:netherrack":1,"minecraft:dark_oak_fence":2,"iceandfire:raw_silver":4,"luminousworld:groundpebbles_1":3,"minecraft:charcoal":2,"minecraft:crafting_table":8,"iceandfire:witherbone":1,"minecraft:chicken":1,"born_in_chaos_v1:seedof_chaos":2,"minecraft:wooden_pickaxe":1,"luminousworld:bao_bob_wood":1,"minecraft:iron_axe":1,"minecraft:item_frame":7,"minecraft:white_carpet":2,"minecraft:cracked_stone_bricks":2,"minecraft:beef":1,"minecraft:player_head":3,"minecraft:raw_iron":62,"ecologics:coconut_slice":2,"minecraft:spruce_fence":5,"minecraft:stone_button":1,"born_in_chaos_v1:pieceofdarkmetal":7,"minecraft:redstone":19,"minecraft:stone_pressure_plate":3,"alexsmobs:crocodile_scute":1,"minecraft:dark_oak_planks":7,"minecraft:weeping_vines":1,"minecraft:arrow":11,"minecraft:diamond_chestplate":1,"quark:acacia_chest":2,"minecraft:gold_ingot":1,"minecraft:mutton":6,"minecraft:skeleton_skull":1,"minecraft:white_wool":3,"born_in_chaos_v1:fused_bone":3,"born_in_chaos_v1:corpse_maggot":4,"born_in_chaos_v1:monster_flesh":3,"minecraft:salmon":1,"luminousworld:ishstone":16,"minecraft:leather":5,"minecraft:oak_log":8,"stalwart_dungeons:diamond_hammer":2,"iceandfire:ectoplasm":1,"minecraft:yellow_bed":1,"minecraft:white_banner":4,"minecraft:cooked_mutton":1,"minecraft:stone_bricks":14,"minecraft:apple":1,"minecraft:gray_carpet":1,"minecraft:iron_ingot":20,"minecraft:cobweb":2,"tombstone:bag_of_seeds":1,"minecraft:iron_sword":2,"minecraft:book":42,"minecraft:chiseled_stone_bricks":2,"iceandfire:ash":1,"minecraft:quartz":2,"born_in_chaos_v1:ethereal_spirit":9,"minecraft:dandelion":1,"minecraft:dripstone_block":3,"luminousworld:sunset_petunias":1,"mowziesmobs:naga_fang":1,"undead_revamp2:rawbostrox":2,"minecraft:polished_diorite":4,"minecraft:chainmail_leggings":3,"vanillaplustools:stone_hammer":1,"minecraft:gray_wool":1,"tombstone:magic_scroll":1,"minecraft:coal":123,"minecraft:ender_pearl":1},"minecraft:killed":{"earthmobsmod:duck":1,"born_in_chaos_v1:siamese_skeletonsright":1,"born_in_chaos_v1:baby_skeleton_minion":1,"born_in_chaos_v1:scarlet_persecutor":9,"creeperoverhaul:bamboo_creeper":1,"minecraft:skeleton":9,"illagerinvasion:provoker":4,"luminousworld:charaxes":1,"alexsmobs:kangaroo":3,"born_in_chaos_v1:bonescaller":1,"minecraft:pig":2,"alexsmobs:anteater":1,"undead_revamp2:theheavy":1,"minecraft:sheep":2,"luminousworld:savannah_skeleton":1,"minecraft:zombie":3,"born_in_chaos_v1:dread_hound":3,"alexsmobs:terrapin":1,"born_in_chaos_v1:corpse_fly":2,"bettermobs:capivara":1,"born_in_chaos_v1:siamese_skeletonsleft":1,"minecraft:cow":2,"mowziesmobs:naga":1,"minecraft:vindicator":1,"illagerinvasion:marauder":1,"luminousworld:swallowtail":1,"enemyexpansion:direwolf":3,"born_in_chaos_v1:maggot":4,"alexsmobs:gorilla":1,"minecraft:horse":1,"iceandfire:fire_dragon":2,"luminousworld:savannah_zombie":5,"iceandfire:hippocampus":4,"born_in_chaos_v1:fallen_chaos_knight":1,"minecraft:husk":10,"born_in_chaos_v1:baby_skeleton":1,"born_in_chaos_v1:spirit_guide_assistant":2,"naturalist:lizard_tail":1,"undead_revamp2:thesomnolence":9,"endermanoverhaul:cave_enderman":1,"alexsmobs:crocodile":1,"creeperoverhaul:ocean_creeper":1,"alexsmobs:gazelle":6},"minecraft:broken":{"aether:golden_gloves":1,"vanillaplustools:stone_hammer":1},"minecraft:dropped":{"minecraft:iron_sword":1,"minecraft:cracked_stone_bricks":2,"minecraft:dirt":1,"minecraft:dark_oak_fence":2,"minecraft:stone_button":1,"minecraft:cornflower":1,"minecraft:wooden_sword":1,"minecraft:amethyst_shard":6,"minecraft:dark_oak_planks":7,"minecraft:cobbled_deepslate":540,"minecraft:wheat":4,"minecraft:rotten_flesh":6,"luminousworld:tall_deadbush":3,"luminousworld:savannah_soil":1,"stalwart_dungeons:diamond_hammer":2,"minecraft:skeleton_skull":1,"iceandfire:pixie_dust":1,"vanillaplustools:stone_hammer":1,"minecraft:arrow":4,"minecraft:quartz":1,"minecraft:purple_carpet":1,"minecraft:bread":18,"minecraft:wheat_seeds":6,"luminousworld:ishstone":12,"minecraft:feather":2,"minecraft:cobblestone":296,"minecraft:granite":22,"minecraft:spruce_stairs":2,"minecraft:stick":2,"minecraft:wooden_axe":1,"luminousworld:savannah_ground":16,"born_in_chaos_v1:fused_bone":2,"minecraft:white_banner":2,"minecraft:gray_carpet":1,"minecraft:dandelion":1,"minecraft:furnace":1,"alexsmobs:crocodile_scute":1,"minecraft:player_head":2,"minecraft:stone_sword":1,"minecraft:raw_copper":5,"minecraft:tuff":64,"minecraft:chicken":1,"minecraft:white_carpet":2,"minecraft:spruce_fence":6,"minecraft:diamond_chestplate":1,"minecraft:bundle":1,"luminousworld:groundpebbles_1":3,"minecraft:andesite":192,"minecraft:mossy_stone_bricks":1,"luminousworld:elephant_grass":5,"sophisticatedbackpacks:copper_backpack":1,"minecraft:bow":1,"minecraft:wooden_pickaxe":2},"minecraft:killed_by":{"minecraft:vindicator":1,"alexsmobs:crocodile":2,"minecraft:husk":1,"minecraft:player":2},"minecraft:used":{"minecraft:lantern":1,"minecraft:furnace":4,"minecraft:acacia_fence":1,"minecraft:wooden_pickaxe":48,"minecraft:golden_apple":3,"minecraft:shears":2,"minecraft:bread":90,"minecraft:diamond_sword":122,"minecraft:wooden_sword":26,"minecraft:cobweb":2,"minecraft:enchanting_table":1,"iceandfire:silver_sword":4,"vanillaplustools:stone_hammer":300,"minecraft:wooden_axe":11,"minecraft:iron_axe":43,"stalwart_dungeons:diamond_hammer":490,"tombstone:gift":2,"minecraft:cobbled_deepslate":169,"quark:acacia_bookshelf":12,"minecraft:crafting_table":9,"quark:acacia_chest":2,"tombstone:bag_of_seeds":1,"minecraft:iron_pickaxe":119,"minecraft:cobblestone":21,"vanillaplustools:iron_hammer":42,"minecraft:yellow_bed":1},"minecraft:custom":{"minecraft:interact_with_crafting_table":66,"minecraft:open_barrel":10,"minecraft:eat_cake_slice":5,"minecraft:leave_game":4,"minecraft:time_since_death":57711,"minecraft:sprint_one_cm":673259,"minecraft:drop":84,"minecraft:talked_to_villager":1,"minecraft:play_time":237029,"minecraft:deaths":9,"minecraft:jump":3810,"minecraft:walk_on_water_one_cm":38750,"minecraft:enchant_item":15,"minecraft:interact_with_furnace":33,"minecraft:sleep_in_bed":8,"minecraft:damage_dealt":29870,"minecraft:player_kills":1,"minecraft:crouch_one_cm":2626,"tombstone:undead_killed":37,"minecraft:mob_kills":113,"minecraft:damage_dealt_resisted":926,"minecraft:climb_one_cm":11659,"minecraft:walk_one_cm":618174,"minecraft:sneak_time":759,"minecraft:walk_under_water_one_cm":29184,"minecraft:interact_with_blast_furnace":1,"minecraft:total_world_time":237029,"tombstone:raider_killed":6,"minecraft:time_since_rest":50655,"minecraft:damage_taken":7967,"minecraft:damage_absorbed":82,"minecraft:swim_one_cm":111308,"minecraft:fly_one_cm":793674,"minecraft:open_chest":151,"minecraft:fall_one_cm":87048}},"DataVersion":3465}