{"stats":{"minecraft:custom":{"minecraft:mob_kills":45,"minecraft:interact_with_crafting_table":63,"minecraft:leave_game":7,"minecraft:time_since_death":38869,"minecraft:climb_one_cm":17742,"minecraft:sprint_one_cm":488014,"minecraft:walk_one_cm":404150,"minecraft:drop":13,"minecraft:talked_to_villager":2,"minecraft:play_time":190191,"minecraft:deaths":7,"minecraft:sneak_time":1782,"minecraft:walk_under_water_one_cm":1096,"minecraft:jump":3193,"minecraft:interact_with_brewingstand":1,"minecraft:walk_on_water_one_cm":12505,"minecraft:total_world_time":190191,"minecraft:interact_with_furnace":24,"minecraft:interact_with_loom":1,"minecraft:sleep_in_bed":13,"minecraft:time_since_rest":24360,"minecraft:damage_taken":2833,"minecraft:damage_dealt":5715,"minecraft:swim_one_cm":11283,"minecraft:fly_one_cm":555197,"minecraft:player_kills":1,"minecraft:open_chest":111,"minecraft:crouch_one_cm":5287,"tombstone:undead_killed":6,"minecraft:interact_with_smoker":12,"minecraft:fall_one_cm":82562,"minecraft:inspect_dispenser":3},"minecraft:picked_up":{"minecraft:crafting_table":15,"minecraft:chicken":6,"minecraft:moss_carpet":1,"minecraft:red_bed":1,"minecraft:string":5,"minecraft:raw_copper":70,"minecraft:item_frame":2,"minecraft:cobbled_deepslate":46,"minecraft:beef":18,"minecraft:light_gray_wool":1,"minecraft:egg":2,"minecraft:furnace":1,"minecraft:stick":66,"minecraft:raw_iron":6,"minecraft:torch":2,"minecraft:acacia_log":194,"minecraft:porkchop":20,"minecraft:pointed_dripstone":1,"minecraft:diorite":18,"minecraft:redstone":16,"minecraft:orange_bed":1,"minecraft:rotten_flesh":5,"minecraft:mutton":8,"undead_revamp2:arapholia":1,"minecraft:cod":1,"minecraft:white_wool":4,"minecraft:cobblestone":814,"minecraft:birch_log":2,"born_in_chaos_v1:corpse_maggot":1,"minecraft:feather":5,"minecraft:tripwire_hook":1,"minecraft:andesite":2,"minecraft:jungle_log":3,"minecraft:leather":10,"minecraft:oak_log":154,"undead_revamp2:huntereye":1,"minecraft:dirt":34,"minecraft:bone":1,"minecraft:apple":4,"minecraft:wheat_seeds":28,"minecraft:bamboo":8,"minecraft:gray_bed":1,"minecraft:acacia_sapling":28,"minecraft:gravel":3,"minecraft:dripstone_block":4,"minecraft:mossy_cobblestone":13,"minecraft:stone_axe":1,"minecraft:lever":1,"minecraft:granite":59,"vanillaplustools:stone_hammer":1,"minecraft:bread":38,"minecraft:oak_sapling":38,"minecraft:coal":104},"minecraft:used":{"minecraft:stone_sword":76,"vanillaplustools:stone_hammer":98,"minecraft:orange_bed":1,"minecraft:torch":7,"minecraft:dirt":5,"minecraft:mutton":6,"born_in_chaos_v1:corpse_maggot":1,"minecraft:wooden_axe":277,"undead_revamp2:huntereye":1,"minecraft:item_frame":1,"minecraft:furnace":10,"minecraft:gray_bed":1,"tombstone:gift":1,"minecraft:egg":1,"minecraft:cooked_beef":3,"minecraft:acacia_planks":20,"minecraft:cooked_mutton":5,"minecraft:stone_pickaxe":153,"minecraft:wooden_pickaxe":50,"minecraft:crafting_table":19,"minecraft:red_bed":1,"quark:acacia_chest":5,"minecraft:cod":1,"minecraft:apple":4,"minecraft:chicken":5,"minecraft:bread":9,"minecraft:iron_pickaxe":1,"minecraft:gravel":1,"minecraft:stone_axe":136,"minecraft:cobblestone":2,"minecraft:porkchop":9,"quark:oak_chest":4},"minecraft:killed":{"undead_revamp2:thehunter":1,"undead_revamp2:bomber":1,"enemyexpansion:direwolf":1,"born_in_chaos_v1:maggot":1,"creeperoverhaul:bamboo_creeper":1,"minecraft:chicken":6,"luminousworld:charaxes":1,"luminousworld:savannah_zombie":2,"minecraft:pig":11,"undead_revamp2:the_moonflower":1,"born_in_chaos_v1:decrepit_skeleton":1,"minecraft:sheep":5,"undead_revamp2:thesomnolence":3,"minecraft:zombie":1,"minecraft:cow":9},"minecraft:dropped":{"minecraft:bread":1,"minecraft:feather":1,"minecraft:cobblestone":33,"minecraft:stick":28,"minecraft:string":3,"minecraft:gravel":1,"minecraft:rotten_flesh":1,"minecraft:oak_planks":33,"vanillaplustools:stone_hammer":1,"minecraft:oak_sapling":7},"minecraft:killed_by":{"undead_revamp2:thespitter":1,"minecraft:skeleton":1,"born_in_chaos_v1:dread_hound":1},"minecraft:mined":{"minecraft:mossy_cobblestone":14,"minecraft:jungle_leaves":2,"minecraft:glow_lichen":1,"minecraft:granite":69,"minecraft:acacia_log":112,"minecraft:grass_block":6,"minecraft:jungle_log":4,"minecraft:redstone_wire":16,"minecraft:furnace":1,"minecraft:iron_ore":3,"minecraft:andesite":2,"minecraft:deepslate_iron_ore":3,"minecraft:vine":3,"minecraft:dirt_path":2,"minecraft:bamboo":1,"minecraft:stone":764,"minecraft:orange_bed":1,"minecraft:red_bed":1,"minecraft:crafting_table":15,"minecraft:torch":2,"minecraft:tall_grass":10,"minecraft:copper_ore":20,"minecraft:cobblestone":6,"minecraft:diorite":18,"minecraft:birch_log":2,"minecraft:gray_bed":1,"minecraft:birch_leaves":1,"minecraft:grass":28,"minecraft:oak_log":155,"minecraft:coal_ore":100,"minecraft:gravel":2,"minecraft:dripstone_block":4,"minecraft:dirt":27,"minecraft:oak_leaves":42,"minecraft:deepslate":47},"minecraft:crafted":{"minecraft:oak_planks":376,"minecraft:stone_shovel":1,"vanillaplustools:stone_hammer":1,"quark:sturdy_stone":1,"minecraft:furnace":10,"minecraft:cooked_mutton":6,"quark:acacia_chest":5,"minecraft:stone_pickaxe":13,"minecraft:gray_bed":1,"minecraft:cooked_beef":5,"minecraft:cooked_porkchop":2,"minecraft:crafting_table":7,"minecraft:wooden_pickaxe":2,"minecraft:oak_wood":6,"minecraft:birch_planks":8,"minecraft:stone_axe":2,"minecraft:air":0,"aether:iron_gloves":1,"minecraft:stick":136,"quark:oak_chest":4,"minecraft:iron_pickaxe":1,"minecraft:wooden_axe":5,"minecraft:stone_sword":2,"minecraft:acacia_planks":212,"minecraft:torch":24},"minecraft:broken":{"minecraft:wooden_axe":4}},"DataVersion":3465}