{"stats":{"minecraft:mined":{"minecraft:tuff":159,"iceandfire:silver_ore":4,"minecraft:deepslate_diamond_ore":66,"minecraft:jungle_leaves":3,"minecraft:granite":11,"minecraft:acacia_log":11,"luminousworld:bao_bob_wood":1,"born_in_chaos_v1:black_argillite":1,"luminousworld:savanna_grass_2":2,"minecraft:chiseled_stone_bricks":2,"minecraft:furnace":3,"luminousworld:yellow_grassflowers":1,"minecraft:iron_ore":45,"minecraft:sticky_piston":1,"minecraft:cobbled_deepslate":19,"minecraft:andesite":173,"minecraft:deepslate_lapis_ore":1,"minecraft:deepslate_iron_ore":16,"minecraft:stone":621,"minecraft:deepslate_redstone_ore":6,"luminousworld:savannah_soil":1,"minecraft:stone_brick_slab":6,"minecraft:crafting_table":7,"luminousworld:savannah_grass_1":10,"minecraft:diorite":39,"minecraft:deepslate_copper_ore":2,"minecraft:skeleton_skull":1,"minecraft:yellow_bed":1,"minecraft:stone_brick_stairs":8,"minecraft:grass":8,"minecraft:oak_log":4,"minecraft:coal_ore":61,"luminousworld:ishstone":13,"minecraft:acacia_fence":1,"minecraft:cracked_stone_bricks":6,"minecraft:stone_bricks":24,"minecraft:netherrack":1,"luminousworld:savannah_grass_4":2,"luminousworld:elephant_grass":1,"minecraft:mossy_stone_bricks":6,"minecraft:fern":1,"minecraft:deepslate":1611},"minecraft:crafted":{"minecraft:wooden_sword":1,"minecraft:smooth_stone":2,"vanillaplustools:stone_hammer":3,"minecraft:furnace":1,"minecraft:stone":1,"stalwart_dungeons:diamond_hammer":1,"vanillaplustools:iron_hammer":1,"minecraft:diamond_helmet":1,"minecraft:diamond_leggings":1,"minecraft:stone_pickaxe":27,"minecraft:diamond_boots":1,"iceandfire:silver_ingot":3,"minecraft:crafting_table":1,"minecraft:wooden_pickaxe":1,"minecraft:air":0,"minecraft:stick":88,"minecraft:iron_pickaxe":10,"minecraft:iron_ingot":21,"minecraft:wooden_axe":1,"minecraft:acacia_planks":24,"iceandfire:silver_sword":1,"minecraft:diamond_chestplate":1},"minecraft:picked_up":{"luminousworld:groundpebbles_1":1,"minecraft:crafting_table":7,"minecraft:chainmail_boots":1,"minecraft:chicken":1,"minecraft:wooden_pickaxe":1,"luminousworld:bao_bob_wood":1,"tombstone:grave_key":1,"minecraft:raw_copper":5,"minecraft:sticky_piston":1,"minecraft:experience_bottle":1,"minecraft:cracked_stone_bricks":2,"minecraft:cobbled_deepslate":1036,"minecraft:furnace":3,"minecraft:stick":1,"minecraft:raw_iron":62,"minecraft:acacia_fence":1,"minecraft:acacia_log":12,"luminousworld:savannah_soil":1,"minecraft:diorite":35,"tombstone:grave_dust":1,"minecraft:redstone":19,"minecraft:golden_chestplate":1,"alexsmobs:crocodile_scute":1,"minecraft:weeping_vines":1,"minecraft:arrow":5,"minecraft:rotten_flesh":7,"luminousworld:yellow_grassflowers":1,"aether:chainmail_gloves":1,"minecraft:gold_ingot":1,"minecraft:mutton":1,"minecraft:skeleton_skull":1,"minecraft:cobblestone":750,"born_in_chaos_v1:corpse_maggot":2,"luminousworld:savannah_ground":16,"minecraft:feather":1,"minecraft:andesite":237,"minecraft:salmon":1,"luminousworld:ishstone":12,"minecraft:tuff":64,"minecraft:oak_log":3,"minecraft:yellow_bed":1,"minecraft:lapis_lazuli":1,"minecraft:cooked_mutton":1,"minecraft:apple":1,"minecraft:stone_bricks":14,"minecraft:wheat_seeds":37,"minecraft:iron_ingot":15,"luminousworld:elephant_grass":5,"minecraft:mossy_stone_bricks":1,"minecraft:rabbit":1,"minecraft:book":4,"minecraft:chiseled_stone_bricks":2,"born_in_chaos_v1:ethereal_spirit":6,"undead_revamp2:rawbostrox":2,"minecraft:diamond":70,"minecraft:lever":1,"minecraft:chainmail_leggings":1,"minecraft:granite":22,"vanillaplustools:stone_hammer":1,"minecraft:gray_wool":1,"minecraft:emerald":1,"minecraft:bread":21,"minecraft:netherrack":1,"minecraft:coal":64,"iceandfire:raw_silver":4,"minecraft:ender_pearl":1},"minecraft:killed":{"earthmobsmod:duck":1,"luminousworld:swallowtail":1,"born_in_chaos_v1:maggot":3,"born_in_chaos_v1:scarlet_persecutor":5,"alexsmobs:gorilla":1,"minecraft:skeleton":2,"luminousworld:charaxes":1,"minecraft:husk":5,"undead_revamp2:theheavy":1,"minecraft:sheep":1,"luminousworld:savannah_skeleton":1,"endermanoverhaul:cave_enderman":1,"alexsmobs:crocodile":1,"alexsmobs:terrapin":1,"born_in_chaos_v1:corpse_fly":1},"minecraft:broken":{"vanillaplustools:stone_hammer":1},"minecraft:dropped":{"luminousworld:ishstone":12,"minecraft:feather":1,"minecraft:cobblestone":296,"minecraft:granite":22,"minecraft:cracked_stone_bricks":2,"minecraft:wooden_axe":1,"luminousworld:savannah_ground":16,"minecraft:wooden_sword":1,"alexsmobs:crocodile_scute":1,"minecraft:cobbled_deepslate":540,"minecraft:raw_copper":5,"minecraft:tuff":64,"minecraft:chicken":1,"luminousworld:savannah_soil":1,"luminousworld:groundpebbles_1":1,"minecraft:andesite":192,"minecraft:mossy_stone_bricks":1,"vanillaplustools:stone_hammer":1,"luminousworld:elephant_grass":2,"minecraft:arrow":2,"minecraft:wooden_pickaxe":2},"minecraft:killed_by":{"minecraft:player":1,"minecraft:vindicator":1,"alexsmobs:crocodile":2},"minecraft:used":{"iceandfire:silver_sword":4,"vanillaplustools:stone_hammer":300,"minecraft:wooden_axe":11,"stalwart_dungeons:diamond_hammer":162,"minecraft:furnace":4,"minecraft:acacia_fence":1,"tombstone:gift":2,"minecraft:cobbled_deepslate":169,"minecraft:wooden_pickaxe":48,"minecraft:crafting_table":8,"minecraft:bread":31,"minecraft:iron_pickaxe":11,"minecraft:wooden_sword":26,"minecraft:cobblestone":14,"vanillaplustools:iron_hammer":31,"minecraft:yellow_bed":1},"minecraft:custom":{"minecraft:mob_kills":27,"minecraft:interact_with_crafting_table":39,"minecraft:open_barrel":4,"minecraft:damage_dealt_resisted":24,"minecraft:leave_game":2,"minecraft:time_since_death":21424,"minecraft:climb_one_cm":4320,"minecraft:sprint_one_cm":259659,"minecraft:walk_one_cm":270829,"minecraft:drop":41,"minecraft:play_time":112822,"minecraft:deaths":5,"minecraft:sneak_time":421,"minecraft:walk_under_water_one_cm":1213,"minecraft:jump":1568,"minecraft:walk_on_water_one_cm":1475,"minecraft:total_world_time":112822,"minecraft:interact_with_furnace":31,"minecraft:sleep_in_bed":5,"minecraft:time_since_rest":20894,"minecraft:damage_taken":2611,"minecraft:damage_dealt":7351,"minecraft:swim_one_cm":8195,"minecraft:fly_one_cm":287851,"minecraft:player_kills":1,"minecraft:open_chest":32,"minecraft:crouch_one_cm":1212,"tombstone:undead_killed":9,"minecraft:fall_one_cm":31312}},"DataVersion":3465}