{"stats":{"minecraft:custom":{"minecraft:interact_with_furnace":16,"minecraft:mob_kills":45,"minecraft:interact_with_crafting_table":54,"minecraft:interact_with_loom":1,"minecraft:leave_game":6,"minecraft:time_since_death":2842,"minecraft:sleep_in_bed":11,"minecraft:climb_one_cm":17742,"minecraft:time_since_rest":2302,"minecraft:sprint_one_cm":458214,"minecraft:damage_taken":2803,"minecraft:walk_one_cm":373182,"minecraft:drop":9,"minecraft:damage_dealt":5715,"minecraft:talked_to_villager":2,"minecraft:swim_one_cm":11283,"minecraft:player_kills":1,"minecraft:fly_one_cm":532935,"minecraft:open_chest":76,"minecraft:crouch_one_cm":5216,"minecraft:play_time":154164,"tombstone:undead_killed":6,"minecraft:deaths":7,"minecraft:sneak_time":1711,"minecraft:walk_under_water_one_cm":1096,"minecraft:jump":3064,"minecraft:interact_with_brewingstand":1,"minecraft:walk_on_water_one_cm":10135,"minecraft:interact_with_smoker":12,"minecraft:total_world_time":154164,"minecraft:fall_one_cm":81455,"minecraft:inspect_dispenser":3},"minecraft:picked_up":{"minecraft:birch_log":2,"born_in_chaos_v1:corpse_maggot":1,"minecraft:crafting_table":15,"minecraft:feather":5,"minecraft:chicken":6,"minecraft:tripwire_hook":1,"minecraft:jungle_log":3,"minecraft:leather":10,"minecraft:oak_log":146,"undead_revamp2:huntereye":1,"minecraft:red_bed":1,"minecraft:string":3,"minecraft:dirt":34,"minecraft:moss_carpet":1,"minecraft:raw_copper":65,"minecraft:item_frame":2,"minecraft:bone":1,"minecraft:apple":4,"minecraft:wheat_seeds":28,"minecraft:beef":18,"minecraft:light_gray_wool":1,"minecraft:bamboo":8,"minecraft:gray_bed":1,"minecraft:acacia_sapling":28,"minecraft:furnace":1,"minecraft:egg":2,"minecraft:stick":66,"minecraft:torch":2,"minecraft:acacia_log":143,"minecraft:gravel":1,"minecraft:dripstone_block":4,"minecraft:porkchop":20,"minecraft:pointed_dripstone":1,"minecraft:redstone":16,"minecraft:mossy_cobblestone":13,"minecraft:orange_bed":1,"minecraft:rotten_flesh":5,"minecraft:stone_axe":1,"minecraft:lever":1,"minecraft:bread":38,"minecraft:oak_sapling":38,"minecraft:cod":1,"undead_revamp2:arapholia":1,"minecraft:mutton":8,"minecraft:coal":86,"minecraft:white_wool":4,"minecraft:cobblestone":533},"minecraft:used":{"minecraft:cooked_mutton":5,"minecraft:stone_sword":76,"minecraft:stone_pickaxe":106,"minecraft:wooden_pickaxe":50,"vanillaplustools:stone_hammer":51,"minecraft:torch":7,"minecraft:dirt":5,"minecraft:mutton":6,"minecraft:crafting_table":19,"minecraft:cod":1,"born_in_chaos_v1:corpse_maggot":1,"minecraft:wooden_axe":277,"minecraft:apple":4,"minecraft:chicken":5,"minecraft:bread":6,"minecraft:iron_pickaxe":1,"undead_revamp2:huntereye":1,"minecraft:item_frame":1,"minecraft:stone_axe":136,"minecraft:cobblestone":2,"minecraft:furnace":10,"minecraft:porkchop":9,"minecraft:gray_bed":1,"tombstone:gift":1,"minecraft:egg":1,"minecraft:cooked_beef":3,"minecraft:acacia_planks":20},"minecraft:killed":{"minecraft:pig":11,"undead_revamp2:thehunter":1,"undead_revamp2:the_moonflower":1,"undead_revamp2:bomber":1,"enemyexpansion:direwolf":1,"born_in_chaos_v1:maggot":1,"born_in_chaos_v1:decrepit_skeleton":1,"creeperoverhaul:bamboo_creeper":1,"minecraft:sheep":5,"undead_revamp2:thesomnolence":3,"minecraft:zombie":1,"minecraft:chicken":6,"luminousworld:charaxes":1,"luminousworld:savannah_zombie":2,"minecraft:cow":9},"minecraft:dropped":{"minecraft:bread":1,"minecraft:feather":1,"minecraft:cobblestone":32,"minecraft:rotten_flesh":1,"minecraft:oak_planks":33,"minecraft:stick":28,"minecraft:oak_sapling":7,"minecraft:string":1},"minecraft:killed_by":{"minecraft:skeleton":1,"born_in_chaos_v1:dread_hound":1,"undead_revamp2:thespitter":1},"minecraft:mined":{"minecraft:red_bed":1,"minecraft:mossy_cobblestone":14,"minecraft:jungle_leaves":2,"minecraft:crafting_table":15,"minecraft:glow_lichen":1,"minecraft:torch":2,"minecraft:acacia_log":112,"minecraft:grass_block":6,"minecraft:jungle_log":4,"minecraft:redstone_wire":16,"minecraft:tall_grass":10,"minecraft:copper_ore":18,"minecraft:cobblestone":6,"minecraft:furnace":1,"minecraft:birch_log":2,"minecraft:gray_bed":1,"minecraft:birch_leaves":1,"minecraft:grass":28,"minecraft:oak_log":155,"minecraft:coal_ore":81,"minecraft:dirt_path":2,"minecraft:vine":3,"minecraft:gravel":1,"minecraft:dripstone_block":4,"minecraft:dirt":27,"minecraft:orange_bed":1,"minecraft:bamboo":1,"minecraft:stone":479,"minecraft:oak_leaves":42},"minecraft:crafted":{"minecraft:cooked_beef":5,"minecraft:oak_planks":376,"minecraft:stone_shovel":1,"vanillaplustools:stone_hammer":1,"minecraft:cooked_porkchop":2,"minecraft:crafting_table":7,"minecraft:wooden_pickaxe":2,"minecraft:furnace":10,"minecraft:birch_planks":8,"minecraft:oak_wood":6,"minecraft:stone_axe":2,"minecraft:cooked_mutton":6,"minecraft:air":0,"aether:iron_gloves":1,"minecraft:stick":136,"minecraft:iron_pickaxe":1,"minecraft:stone_pickaxe":13,"minecraft:wooden_axe":5,"minecraft:stone_sword":2,"minecraft:acacia_planks":204,"minecraft:torch":24,"minecraft:gray_bed":1},"minecraft:broken":{"minecraft:wooden_axe":4}},"DataVersion":3465}