{"stats":{"minecraft:mined":{"minecraft:mossy_cobblestone":14,"minecraft:jungle_leaves":2,"minecraft:crafting_table":9,"minecraft:glow_lichen":1,"minecraft:torch":2,"minecraft:acacia_log":112,"minecraft:grass_block":1,"minecraft:redstone_wire":14,"minecraft:tall_grass":5,"minecraft:copper_ore":2,"minecraft:cobblestone":6,"minecraft:gray_bed":1,"minecraft:grass":15,"minecraft:oak_log":69,"minecraft:coal_ore":24,"minecraft:vine":2,"minecraft:dripstone_block":4,"minecraft:dirt":1,"minecraft:bamboo":1,"minecraft:stone":85,"minecraft:oak_leaves":15},"minecraft:killed_by":{"minecraft:skeleton":1},"minecraft:broken":{"minecraft:wooden_axe":3},"minecraft:custom":{"minecraft:mob_kills":16,"minecraft:interact_with_crafting_table":14,"minecraft:interact_with_loom":1,"minecraft:leave_game":3,"minecraft:time_since_death":10487,"minecraft:sleep_in_bed":8,"minecraft:climb_one_cm":5704,"minecraft:time_since_rest":10726,"minecraft:sprint_one_cm":173756,"minecraft:damage_taken":1190,"minecraft:walk_one_cm":145445,"minecraft:damage_dealt":1963,"minecraft:swim_one_cm":2104,"minecraft:fly_one_cm":216081,"minecraft:player_kills":1,"minecraft:open_chest":20,"minecraft:crouch_one_cm":5171,"minecraft:play_time":64175,"minecraft:deaths":3,"minecraft:sneak_time":1680,"minecraft:walk_under_water_one_cm":456,"minecraft:jump":1260,"minecraft:walk_on_water_one_cm":1263,"minecraft:interact_with_smoker":9,"minecraft:total_world_time":64175,"minecraft:fall_one_cm":41919,"minecraft:inspect_dispenser":1},"minecraft:picked_up":{"minecraft:crafting_table":9,"minecraft:tripwire_hook":1,"minecraft:leather":4,"minecraft:oak_log":69,"minecraft:dirt":2,"minecraft:raw_copper":5,"minecraft:apple":3,"minecraft:wheat_seeds":24,"minecraft:beef":9,"minecraft:light_gray_wool":1,"minecraft:bamboo":8,"minecraft:gray_bed":1,"minecraft:acacia_sapling":27,"minecraft:egg":1,"minecraft:stick":48,"minecraft:torch":2,"minecraft:acacia_log":143,"minecraft:dripstone_block":4,"minecraft:porkchop":15,"minecraft:pointed_dripstone":1,"minecraft:redstone":14,"minecraft:mossy_cobblestone":13,"minecraft:oak_sapling":17,"minecraft:mutton":4,"minecraft:coal":24,"minecraft:white_wool":2,"minecraft:cobblestone":90},"minecraft:killed":{"minecraft:pig":8,"creeperoverhaul:bamboo_creeper":1,"minecraft:sheep":3,"minecraft:cow":4},"minecraft:crafted":{"minecraft:oak_planks":200,"minecraft:cooked_porkchop":2,"minecraft:crafting_table":3,"minecraft:wooden_pickaxe":1,"minecraft:oak_wood":6,"minecraft:stone_axe":1,"minecraft:cooked_mutton":5,"minecraft:air":0,"toomanyores:redstone_pickaxe":1,"minecraft:stick":12,"minecraft:iron_pickaxe":1,"minecraft:stone_pickaxe":2,"minecraft:wooden_axe":4,"minecraft:acacia_planks":204,"minecraft:torch":4,"minecraft:gray_bed":1},"minecraft:used":{"minecraft:cooked_mutton":4,"minecraft:stone_pickaxe":105,"minecraft:wooden_pickaxe":8,"toomanyores:redstone_pickaxe":30,"minecraft:torch":2,"minecraft:dirt":2,"minecraft:mutton":2,"minecraft:crafting_table":11,"minecraft:wooden_axe":220,"minecraft:apple":3,"minecraft:bread":1,"minecraft:iron_pickaxe":1,"minecraft:stone_axe":47,"minecraft:cobblestone":2,"minecraft:porkchop":5,"minecraft:gray_bed":1,"minecraft:acacia_planks":20}},"DataVersion":3465}