{"stats":{"minecraft:custom":{"minecraft:interact_with_furnace":8,"minecraft:mob_kills":35,"minecraft:interact_with_crafting_table":21,"minecraft:interact_with_loom":1,"minecraft:leave_game":6,"minecraft:time_since_death":10041,"minecraft:sleep_in_bed":9,"minecraft:climb_one_cm":17742,"minecraft:time_since_rest":8192,"minecraft:sprint_one_cm":371630,"minecraft:damage_taken":2305,"minecraft:walk_one_cm":298775,"minecraft:drop":1,"minecraft:damage_dealt":4730,"minecraft:talked_to_villager":1,"minecraft:swim_one_cm":7232,"minecraft:player_kills":1,"minecraft:fly_one_cm":458449,"minecraft:open_chest":60,"minecraft:crouch_one_cm":5202,"minecraft:play_time":118164,"tombstone:undead_killed":5,"minecraft:deaths":6,"minecraft:sneak_time":1701,"minecraft:walk_under_water_one_cm":951,"minecraft:jump":2609,"minecraft:walk_on_water_one_cm":6673,"minecraft:interact_with_smoker":9,"minecraft:total_world_time":118164,"minecraft:fall_one_cm":70693,"minecraft:inspect_dispenser":3},"minecraft:picked_up":{"minecraft:birch_log":2,"born_in_chaos_v1:corpse_maggot":1,"minecraft:crafting_table":15,"minecraft:feather":4,"minecraft:chicken":5,"minecraft:tripwire_hook":1,"minecraft:jungle_log":3,"minecraft:leather":6,"minecraft:oak_log":146,"undead_revamp2:huntereye":1,"minecraft:dirt":34,"minecraft:moss_carpet":1,"minecraft:raw_copper":5,"minecraft:bone":1,"minecraft:apple":4,"minecraft:wheat_seeds":28,"minecraft:beef":13,"minecraft:light_gray_wool":1,"minecraft:bamboo":8,"minecraft:gray_bed":1,"minecraft:acacia_sapling":27,"minecraft:furnace":1,"minecraft:egg":2,"minecraft:stick":58,"minecraft:torch":2,"minecraft:acacia_log":143,"minecraft:dripstone_block":4,"minecraft:porkchop":19,"minecraft:pointed_dripstone":1,"minecraft:redstone":16,"minecraft:mossy_cobblestone":13,"minecraft:rotten_flesh":5,"minecraft:stone_axe":1,"minecraft:lever":1,"minecraft:oak_sapling":36,"undead_revamp2:arapholia":1,"minecraft:mutton":8,"minecraft:coal":35,"minecraft:white_wool":4,"minecraft:cobblestone":118},"minecraft:used":{"minecraft:cooked_mutton":4,"minecraft:stone_sword":49,"minecraft:stone_pickaxe":106,"minecraft:wooden_pickaxe":50,"minecraft:torch":2,"minecraft:dirt":4,"minecraft:mutton":6,"minecraft:crafting_table":17,"born_in_chaos_v1:corpse_maggot":1,"minecraft:wooden_axe":277,"minecraft:apple":4,"minecraft:chicken":5,"minecraft:bread":1,"minecraft:iron_pickaxe":1,"undead_revamp2:huntereye":1,"minecraft:stone_axe":135,"minecraft:cobblestone":2,"minecraft:furnace":1,"minecraft:porkchop":9,"minecraft:gray_bed":1,"tombstone:gift":1,"minecraft:egg":1,"minecraft:cooked_beef":3,"minecraft:acacia_planks":20},"minecraft:dropped":{"minecraft:rotten_flesh":1},"minecraft:killed":{"minecraft:pig":10,"undead_revamp2:thehunter":1,"undead_revamp2:the_moonflower":1,"enemyexpansion:direwolf":1,"born_in_chaos_v1:maggot":1,"born_in_chaos_v1:decrepit_skeleton":1,"creeperoverhaul:bamboo_creeper":1,"minecraft:sheep":5,"minecraft:zombie":1,"minecraft:chicken":5,"luminousworld:savannah_zombie":2,"minecraft:cow":6},"minecraft:killed_by":{"minecraft:skeleton":1,"born_in_chaos_v1:dread_hound":1,"undead_revamp2:thespitter":1},"minecraft:mined":{"minecraft:mossy_cobblestone":14,"minecraft:jungle_leaves":2,"minecraft:crafting_table":15,"minecraft:glow_lichen":1,"minecraft:torch":2,"minecraft:acacia_log":112,"minecraft:grass_block":6,"minecraft:jungle_log":4,"minecraft:redstone_wire":16,"minecraft:tall_grass":10,"minecraft:copper_ore":2,"minecraft:cobblestone":6,"minecraft:furnace":1,"minecraft:birch_log":2,"minecraft:gray_bed":1,"minecraft:birch_leaves":1,"minecraft:grass":27,"minecraft:oak_log":155,"minecraft:coal_ore":35,"minecraft:dirt_path":2,"minecraft:vine":3,"minecraft:dripstone_block":4,"minecraft:dirt":26,"minecraft:bamboo":1,"minecraft:stone":113,"minecraft:oak_leaves":40},"minecraft:crafted":{"minecraft:cooked_beef":3,"minecraft:oak_planks":376,"minecraft:cooked_porkchop":2,"minecraft:crafting_table":5,"minecraft:wooden_pickaxe":2,"minecraft:furnace":1,"minecraft:birch_planks":8,"minecraft:oak_wood":6,"minecraft:stone_axe":2,"minecraft:cooked_mutton":5,"minecraft:air":0,"minecraft:stick":72,"minecraft:iron_pickaxe":1,"minecraft:stone_pickaxe":3,"minecraft:wooden_axe":5,"minecraft:stone_sword":1,"minecraft:acacia_planks":204,"minecraft:torch":4,"minecraft:gray_bed":1},"minecraft:broken":{"minecraft:wooden_axe":4}},"DataVersion":3465}