{"stats":{"minecraft:killed_by":{"minecraft:vindicator":1,"alexsmobs:crocodile":2},"minecraft:crafted":{"minecraft:wooden_sword":1,"minecraft:crafting_table":1,"minecraft:stick":8,"minecraft:wooden_pickaxe":1,"minecraft:wooden_axe":1,"minecraft:acacia_planks":24},"minecraft:custom":{"minecraft:time_since_rest":2484,"minecraft:sprint_one_cm":124128,"minecraft:damage_taken":1040,"minecraft:walk_one_cm":67662,"minecraft:mob_kills":2,"minecraft:damage_dealt":536,"minecraft:interact_with_crafting_table":2,"minecraft:fly_one_cm":137869,"minecraft:open_chest":20,"minecraft:crouch_one_cm":633,"minecraft:play_time":28714,"tombstone:undead_killed":1,"minecraft:deaths":3,"minecraft:sneak_time":74,"minecraft:jump":572,"minecraft:total_world_time":28714,"minecraft:walk_on_water_one_cm":205,"minecraft:time_since_death":5744,"minecraft:sleep_in_bed":3,"minecraft:fall_one_cm":12263},"minecraft:mined":{"minecraft:skeleton_skull":1,"minecraft:crafting_table":1,"luminousworld:savannah_grass_1":3,"minecraft:grass":2,"minecraft:acacia_log":11,"luminousworld:bao_bob_wood":1,"minecraft:oak_log":4,"minecraft:acacia_fence":1,"luminousworld:savannah_grass_4":2,"luminousworld:elephant_grass":1,"luminousworld:savanna_grass_2":1},"minecraft:killed":{"luminousworld:savannah_skeleton":1,"alexsmobs:crocodile":1},"minecraft:picked_up":{"minecraft:book":4,"minecraft:stick":1,"minecraft:crafting_table":1,"minecraft:acacia_fence":1,"minecraft:salmon":1,"minecraft:acacia_log":12,"luminousworld:bao_bob_wood":1,"minecraft:oak_log":3,"tombstone:grave_key":1,"minecraft:lapis_lazuli":1,"alexsmobs:crocodile_scute":1,"minecraft:arrow":2,"minecraft:cooked_mutton":1,"minecraft:experience_bottle":1,"minecraft:weeping_vines":1,"minecraft:apple":1,"minecraft:wheat_seeds":11,"minecraft:iron_ingot":1,"luminousworld:elephant_grass":1,"minecraft:gold_ingot":1,"minecraft:emerald":1,"minecraft:rabbit":1,"minecraft:skeleton_skull":1},"minecraft:used":{"minecraft:wooden_axe":7,"minecraft:bread":5,"minecraft:wooden_sword":14,"minecraft:crafting_table":1,"minecraft:acacia_fence":1,"tombstone:gift":2}},"DataVersion":3465}