{"stats":{"minecraft:mined":{"minecraft:tuff":159,"iceandfire:silver_ore":4,"minecraft:deepslate_diamond_ore":66,"minecraft:jungle_leaves":3,"minecraft:granite":11,"minecraft:acacia_log":33,"luminousworld:bao_bob_wood":1,"born_in_chaos_v1:black_argillite":1,"quark:acacia_chest":2,"minecraft:polished_diorite":4,"minecraft:chiseled_stone_bricks":2,"luminousworld:groundpebbles_3":1,"minecraft:spawner":1,"luminousworld:savanna_grass_2":5,"minecraft:magma_block":2,"minecraft:iron_ore":45,"luminousworld:yellow_grassflowers":1,"minecraft:furnace":6,"minecraft:sticky_piston":1,"minecraft:fire":1,"minecraft:cobbled_deepslate":19,"minecraft:andesite":173,"minecraft:deepslate_lapis_ore":1,"minecraft:pointed_dripstone":7,"minecraft:bookshelf":13,"minecraft:deepslate_iron_ore":16,"minecraft:stone":621,"minecraft:player_head":2,"minecraft:deepslate_redstone_ore":6,"luminousworld:savannah_soil":1,"luminousworld:tall_deadbush":3,"minecraft:smoker":1,"minecraft:stone_brick_slab":6,"minecraft:crafting_table":8,"luminousworld:savannah_grass_1":14,"minecraft:campfire":1,"minecraft:tall_grass":1,"minecraft:cobblestone":1,"minecraft:diorite":39,"minecraft:wall_torch":1,"minecraft:deepslate_copper_ore":2,"minecraft:skeleton_skull":1,"minecraft:seagrass":1,"minecraft:yellow_bed":1,"minecraft:stone_brick_stairs":8,"minecraft:grass":10,"minecraft:coal_ore":61,"minecraft:oak_log":9,"luminousworld:ishstone":13,"minecraft:acacia_fence":1,"minecraft:cobweb":2,"minecraft:cracked_stone_bricks":6,"minecraft:iron_trapdoor":1,"minecraft:stone_bricks":24,"luminousworld:elephant_grass":1,"minecraft:netherrack":1,"luminousworld:savannah_grass_4":2,"minecraft:mossy_stone_bricks":6,"minecraft:deepslate":1611,"minecraft:fern":1},"minecraft:crafted":{"minecraft:wooden_sword":1,"minecraft:smooth_stone":2,"vanillaplustools:stone_hammer":3,"minecraft:furnace":1,"minecraft:stone":1,"stalwart_dungeons:diamond_hammer":1,"minecraft:cooked_mutton":6,"quark:acacia_bookshelf":12,"minecraft:leather":1,"vanillaplustools:iron_hammer":1,"minecraft:diamond_helmet":1,"minecraft:diamond_leggings":1,"minecraft:stone_pickaxe":27,"minecraft:diamond_boots":1,"iceandfire:silver_ingot":3,"minecraft:crafting_table":1,"minecraft:enchanting_table":1,"minecraft:wooden_pickaxe":1,"minecraft:air":0,"minecraft:stick":88,"minecraft:iron_ingot":21,"minecraft:iron_pickaxe":10,"minecraft:wooden_axe":1,"minecraft:acacia_planks":112,"minecraft:shears":1,"iceandfire:silver_sword":1,"minecraft:diamond_chestplate":1},"minecraft:picked_up":{"minecraft:charcoal":2,"luminousworld:groundpebbles_1":2,"minecraft:crafting_table":8,"minecraft:wheat":4,"iceandfire:witherbone":1,"minecraft:chainmail_boots":1,"minecraft:chicken":1,"minecraft:wooden_pickaxe":1,"luminousworld:bao_bob_wood":1,"tombstone:grave_key":1,"alexsmobs:gazelle_horn":4,"minecraft:string":2,"minecraft:iron_axe":1,"minecraft:raw_copper":5,"minecraft:sticky_piston":1,"minecraft:item_frame":7,"minecraft:white_carpet":2,"minecraft:experience_bottle":1,"minecraft:cracked_stone_bricks":2,"minecraft:smooth_stone":1,"minecraft:cobbled_deepslate":1036,"minecraft:beef":1,"minecraft:player_head":3,"minecraft:furnace":7,"iceandfire:pixie_dust":1,"minecraft:stick":3,"minecraft:raw_iron":62,"minecraft:acacia_fence":1,"minecraft:torch":1,"minecraft:acacia_log":34,"minecraft:spruce_stairs":2,"minecraft:spruce_fence":5,"luminousworld:savannah_soil":1,"minecraft:porkchop":4,"minecraft:pointed_dripstone":8,"minecraft:stone_button":1,"tombstone:grave_dust":4,"minecraft:diorite":35,"minecraft:redstone":19,"minecraft:golden_chestplate":1,"minecraft:stone_pressure_plate":3,"alexsmobs:crocodile_scute":1,"minecraft:dark_oak_planks":7,"minecraft:stone_sword":1,"minecraft:arrow":11,"minecraft:weeping_vines":1,"minecraft:rotten_flesh":7,"minecraft:diamond_chestplate":1,"luminousworld:yellow_grassflowers":1,"quark:acacia_chest":2,"aether:chainmail_gloves":1,"minecraft:gold_ingot":1,"luminousworld:tall_deadbush":3,"minecraft:obsidian":4,"minecraft:mutton":6,"minecraft:skeleton_skull":1,"minecraft:white_wool":3,"minecraft:cobblestone":751,"born_in_chaos_v1:fused_bone":3,"born_in_chaos_v1:corpse_maggot":4,"luminousworld:savannah_ground":16,"minecraft:feather":2,"minecraft:andesite":237,"minecraft:salmon":1,"luminousworld:ishstone":12,"minecraft:leather":5,"minecraft:smoker":1,"minecraft:tuff":64,"minecraft:oak_log":8,"stalwart_dungeons:diamond_hammer":2,"minecraft:yellow_bed":1,"minecraft:lapis_lazuli":1,"minecraft:lantern":1,"minecraft:white_banner":4,"minecraft:purple_carpet":1,"born_in_chaos_v1:marigolds":3,"minecraft:cooked_mutton":1,"minecraft:bone":12,"minecraft:gray_carpet":1,"minecraft:apple":1,"minecraft:stone_bricks":14,"minecraft:bow":4,"minecraft:wheat_seeds":41,"minecraft:iron_ingot":20,"luminousworld:elephant_grass":9,"minecraft:cobweb":2,"tombstone:bag_of_seeds":1,"minecraft:mossy_stone_bricks":1,"minecraft:rabbit":1,"minecraft:iron_sword":2,"minecraft:book":42,"minecraft:chiseled_stone_bricks":2,"born_in_chaos_v1:ethereal_spirit":6,"minecraft:quartz":2,"minecraft:dandelion":1,"minecraft:bundle":1,"undead_revamp2:rawbostrox":2,"alexsmobs:kangaroo_hide":2,"minecraft:polished_diorite":4,"minecraft:diamond":111,"minecraft:lever":1,"minecraft:chainmail_leggings":2,"minecraft:dark_oak_fence":2,"minecraft:granite":22,"vanillaplustools:stone_hammer":1,"minecraft:gray_wool":1,"minecraft:bread":44,"minecraft:emerald":7,"tombstone:magic_scroll":1,"minecraft:netherrack":1,"minecraft:coal":118,"iceandfire:raw_silver":4,"minecraft:ender_pearl":1},"minecraft:killed":{"earthmobsmod:duck":1,"minecraft:vindicator":1,"luminousworld:swallowtail":1,"illagerinvasion:marauder":1,"enemyexpansion:direwolf":1,"born_in_chaos_v1:siamese_skeletonsright":1,"born_in_chaos_v1:scarlet_persecutor":5,"born_in_chaos_v1:maggot":4,"alexsmobs:gorilla":1,"minecraft:skeleton":9,"minecraft:horse":1,"iceandfire:fire_dragon":1,"illagerinvasion:provoker":4,"luminousworld:charaxes":1,"luminousworld:savannah_zombie":5,"alexsmobs:kangaroo":3,"minecraft:husk":10,"minecraft:pig":2,"born_in_chaos_v1:baby_skeleton":1,"born_in_chaos_v1:spirit_guide_assistant":2,"undead_revamp2:theheavy":1,"minecraft:sheep":2,"luminousworld:savannah_skeleton":1,"undead_revamp2:thesomnolence":9,"minecraft:zombie":1,"endermanoverhaul:cave_enderman":1,"alexsmobs:crocodile":1,"alexsmobs:terrapin":1,"born_in_chaos_v1:corpse_fly":2,"alexsmobs:gazelle":6,"bettermobs:capivara":1,"born_in_chaos_v1:siamese_skeletonsleft":1,"minecraft:cow":2},"minecraft:broken":{"aether:golden_gloves":1,"vanillaplustools:stone_hammer":1},"minecraft:dropped":{"minecraft:bread":18,"minecraft:iron_sword":1,"minecraft:wheat_seeds":6,"luminousworld:ishstone":12,"minecraft:feather":2,"minecraft:cobblestone":296,"minecraft:granite":22,"minecraft:cracked_stone_bricks":2,"minecraft:spruce_stairs":2,"minecraft:stick":2,"minecraft:dark_oak_fence":2,"minecraft:stone_button":1,"minecraft:cornflower":1,"luminousworld:savannah_ground":16,"minecraft:wooden_axe":1,"born_in_chaos_v1:fused_bone":2,"minecraft:amethyst_shard":6,"minecraft:wooden_sword":1,"minecraft:white_banner":2,"minecraft:dark_oak_planks":7,"minecraft:gray_carpet":1,"minecraft:dandelion":1,"minecraft:furnace":1,"alexsmobs:crocodile_scute":1,"minecraft:player_head":2,"minecraft:stone_sword":1,"minecraft:cobbled_deepslate":540,"minecraft:raw_copper":5,"minecraft:tuff":64,"minecraft:wheat":4,"minecraft:chicken":1,"minecraft:white_carpet":2,"luminousworld:tall_deadbush":3,"luminousworld:savannah_soil":1,"minecraft:spruce_fence":6,"stalwart_dungeons:diamond_hammer":2,"minecraft:diamond_chestplate":1,"minecraft:skeleton_skull":1,"minecraft:bundle":1,"luminousworld:groundpebbles_1":3,"minecraft:andesite":192,"iceandfire:pixie_dust":1,"minecraft:mossy_stone_bricks":1,"vanillaplustools:stone_hammer":1,"sophisticatedbackpacks:copper_backpack":1,"minecraft:bow":1,"luminousworld:elephant_grass":5,"minecraft:arrow":4,"minecraft:wooden_pickaxe":2,"minecraft:quartz":1,"minecraft:purple_carpet":1},"minecraft:used":{"minecraft:enchanting_table":1,"iceandfire:silver_sword":4,"vanillaplustools:stone_hammer":300,"minecraft:wooden_axe":11,"minecraft:iron_axe":43,"minecraft:lantern":1,"stalwart_dungeons:diamond_hammer":469,"minecraft:furnace":4,"minecraft:acacia_fence":1,"tombstone:gift":2,"minecraft:cobbled_deepslate":169,"minecraft:wooden_pickaxe":48,"minecraft:golden_apple":3,"quark:acacia_bookshelf":12,"minecraft:crafting_table":9,"quark:acacia_chest":2,"minecraft:shears":2,"tombstone:bag_of_seeds":1,"minecraft:bread":68,"minecraft:iron_pickaxe":20,"minecraft:wooden_sword":26,"minecraft:cobblestone":21,"vanillaplustools:iron_hammer":31,"minecraft:cobweb":2,"minecraft:yellow_bed":1},"minecraft:killed_by":{"minecraft:husk":1,"minecraft:player":2,"minecraft:vindicator":1,"alexsmobs:crocodile":2},"minecraft:custom":{"minecraft:mob_kills":87,"minecraft:interact_with_crafting_table":58,"minecraft:open_barrel":10,"minecraft:damage_dealt_resisted":744,"minecraft:eat_cake_slice":5,"minecraft:leave_game":3,"minecraft:time_since_death":12349,"minecraft:climb_one_cm":6511,"minecraft:sprint_one_cm":518504,"minecraft:walk_one_cm":515907,"minecraft:drop":82,"minecraft:talked_to_villager":1,"minecraft:play_time":191667,"minecraft:sneak_time":670,"minecraft:deaths":9,"minecraft:walk_under_water_one_cm":7511,"minecraft:jump":2850,"minecraft:interact_with_blast_furnace":1,"minecraft:walk_on_water_one_cm":8079,"minecraft:total_world_time":191667,"minecraft:interact_with_furnace":33,"tombstone:raider_killed":6,"minecraft:sleep_in_bed":8,"minecraft:time_since_rest":5293,"minecraft:damage_taken":7248,"minecraft:damage_absorbed":82,"minecraft:damage_dealt":22205,"minecraft:player_kills":1,"minecraft:swim_one_cm":13937,"minecraft:fly_one_cm":611128,"minecraft:open_chest":131,"minecraft:crouch_one_cm":2483,"tombstone:undead_killed":32,"minecraft:fall_one_cm":63688}},"DataVersion":3465}