{"stats":{"minecraft:mined":{"minecraft:tuff":159,"iceandfire:silver_ore":4,"minecraft:deepslate_diamond_ore":66,"minecraft:jungle_leaves":3,"minecraft:granite":11,"minecraft:acacia_log":11,"luminousworld:bao_bob_wood":1,"born_in_chaos_v1:black_argillite":1,"luminousworld:groundpebbles_3":1,"luminousworld:savanna_grass_2":4,"minecraft:chiseled_stone_bricks":2,"minecraft:furnace":3,"luminousworld:yellow_grassflowers":1,"minecraft:iron_ore":45,"minecraft:sticky_piston":1,"minecraft:cobbled_deepslate":19,"minecraft:andesite":173,"minecraft:deepslate_lapis_ore":1,"minecraft:deepslate_iron_ore":16,"minecraft:stone":621,"minecraft:deepslate_redstone_ore":6,"luminousworld:savannah_soil":1,"minecraft:stone_brick_slab":6,"minecraft:crafting_table":7,"luminousworld:savannah_grass_1":10,"minecraft:cobblestone":1,"minecraft:diorite":39,"minecraft:wall_torch":1,"minecraft:deepslate_copper_ore":2,"minecraft:skeleton_skull":1,"minecraft:yellow_bed":1,"minecraft:stone_brick_stairs":8,"minecraft:grass":8,"minecraft:oak_log":4,"minecraft:coal_ore":61,"luminousworld:ishstone":13,"minecraft:acacia_fence":1,"minecraft:cracked_stone_bricks":6,"minecraft:stone_bricks":24,"minecraft:netherrack":1,"luminousworld:savannah_grass_4":2,"luminousworld:elephant_grass":1,"minecraft:mossy_stone_bricks":6,"minecraft:fern":1,"minecraft:deepslate":1611},"minecraft:crafted":{"minecraft:wooden_sword":1,"minecraft:smooth_stone":2,"vanillaplustools:stone_hammer":3,"minecraft:furnace":1,"minecraft:stone":1,"stalwart_dungeons:diamond_hammer":1,"vanillaplustools:iron_hammer":1,"minecraft:diamond_helmet":1,"minecraft:diamond_leggings":1,"minecraft:stone_pickaxe":27,"minecraft:diamond_boots":1,"iceandfire:silver_ingot":3,"minecraft:crafting_table":1,"minecraft:wooden_pickaxe":1,"minecraft:air":0,"minecraft:stick":88,"minecraft:iron_pickaxe":10,"minecraft:iron_ingot":21,"minecraft:wooden_axe":1,"minecraft:acacia_planks":24,"iceandfire:silver_sword":1,"minecraft:diamond_chestplate":1},"minecraft:picked_up":{"luminousworld:groundpebbles_1":2,"minecraft:crafting_table":7,"minecraft:wheat":4,"iceandfire:witherbone":1,"minecraft:chainmail_boots":1,"minecraft:chicken":1,"minecraft:wooden_pickaxe":1,"luminousworld:bao_bob_wood":1,"tombstone:grave_key":1,"alexsmobs:gazelle_horn":4,"minecraft:raw_copper":5,"minecraft:sticky_piston":1,"minecraft:experience_bottle":1,"minecraft:cracked_stone_bricks":2,"minecraft:cobbled_deepslate":1036,"minecraft:furnace":3,"minecraft:stick":3,"minecraft:raw_iron":62,"minecraft:acacia_fence":1,"minecraft:torch":1,"minecraft:acacia_log":12,"luminousworld:savannah_soil":1,"minecraft:diorite":35,"tombstone:grave_dust":1,"minecraft:redstone":19,"minecraft:golden_chestplate":1,"alexsmobs:crocodile_scute":1,"minecraft:weeping_vines":1,"minecraft:arrow":9,"minecraft:rotten_flesh":7,"luminousworld:yellow_grassflowers":1,"aether:chainmail_gloves":1,"minecraft:gold_ingot":1,"minecraft:mutton":4,"minecraft:skeleton_skull":1,"minecraft:cobblestone":751,"born_in_chaos_v1:corpse_maggot":3,"luminousworld:savannah_ground":16,"minecraft:feather":2,"minecraft:andesite":237,"minecraft:salmon":1,"luminousworld:ishstone":12,"minecraft:tuff":64,"minecraft:oak_log":3,"stalwart_dungeons:diamond_hammer":1,"minecraft:yellow_bed":1,"minecraft:lapis_lazuli":1,"born_in_chaos_v1:marigolds":3,"minecraft:cooked_mutton":1,"minecraft:bone":4,"minecraft:apple":1,"minecraft:stone_bricks":14,"minecraft:bow":2,"minecraft:wheat_seeds":41,"minecraft:iron_ingot":15,"luminousworld:elephant_grass":6,"minecraft:mossy_stone_bricks":1,"minecraft:rabbit":1,"minecraft:iron_sword":1,"minecraft:book":6,"minecraft:chiseled_stone_bricks":2,"born_in_chaos_v1:ethereal_spirit":6,"undead_revamp2:rawbostrox":2,"alexsmobs:kangaroo_hide":2,"minecraft:diamond":70,"minecraft:lever":1,"minecraft:chainmail_leggings":2,"minecraft:granite":22,"vanillaplustools:stone_hammer":1,"minecraft:gray_wool":1,"minecraft:emerald":6,"minecraft:bread":21,"tombstone:magic_scroll":1,"minecraft:netherrack":1,"minecraft:coal":64,"iceandfire:raw_silver":4,"minecraft:ender_pearl":1},"minecraft:killed":{"earthmobsmod:duck":1,"minecraft:vindicator":1,"illagerinvasion:marauder":1,"luminousworld:swallowtail":1,"born_in_chaos_v1:maggot":3,"born_in_chaos_v1:scarlet_persecutor":5,"alexsmobs:gorilla":1,"minecraft:skeleton":2,"illagerinvasion:provoker":4,"luminousworld:charaxes":1,"luminousworld:savannah_zombie":1,"alexsmobs:kangaroo":3,"minecraft:husk":5,"born_in_chaos_v1:spirit_guide_assistant":2,"undead_revamp2:theheavy":1,"minecraft:sheep":1,"luminousworld:savannah_skeleton":1,"endermanoverhaul:cave_enderman":1,"alexsmobs:crocodile":1,"alexsmobs:terrapin":1,"born_in_chaos_v1:corpse_fly":2,"alexsmobs:gazelle":6},"minecraft:dropped":{"luminousworld:ishstone":12,"minecraft:feather":1,"minecraft:cobblestone":296,"minecraft:granite":22,"minecraft:cracked_stone_bricks":2,"minecraft:stick":2,"minecraft:wooden_axe":1,"luminousworld:savannah_ground":16,"minecraft:wooden_sword":1,"alexsmobs:crocodile_scute":1,"minecraft:cobbled_deepslate":540,"minecraft:raw_copper":5,"minecraft:tuff":64,"minecraft:chicken":1,"luminousworld:savannah_soil":1,"stalwart_dungeons:diamond_hammer":1,"luminousworld:groundpebbles_1":1,"minecraft:andesite":192,"minecraft:mossy_stone_bricks":1,"vanillaplustools:stone_hammer":1,"luminousworld:elephant_grass":2,"minecraft:arrow":2,"minecraft:wooden_pickaxe":2},"minecraft:broken":{"aether:golden_gloves":1,"vanillaplustools:stone_hammer":1},"minecraft:killed_by":{"minecraft:player":1,"minecraft:vindicator":1,"alexsmobs:crocodile":2},"minecraft:used":{"iceandfire:silver_sword":4,"vanillaplustools:stone_hammer":300,"minecraft:wooden_axe":11,"stalwart_dungeons:diamond_hammer":247,"minecraft:furnace":4,"minecraft:acacia_fence":1,"tombstone:gift":2,"minecraft:cobbled_deepslate":169,"minecraft:wooden_pickaxe":48,"minecraft:crafting_table":8,"minecraft:bread":39,"minecraft:iron_pickaxe":12,"minecraft:wooden_sword":26,"minecraft:cobblestone":21,"vanillaplustools:iron_hammer":31,"minecraft:yellow_bed":1},"minecraft:custom":{"minecraft:mob_kills":47,"minecraft:interact_with_crafting_table":41,"minecraft:open_barrel":4,"minecraft:damage_dealt_resisted":138,"minecraft:eat_cake_slice":3,"minecraft:leave_game":2,"minecraft:time_since_death":45424,"minecraft:climb_one_cm":4905,"minecraft:sprint_one_cm":357990,"minecraft:walk_one_cm":339722,"minecraft:drop":43,"minecraft:play_time":136822,"minecraft:deaths":5,"minecraft:sneak_time":471,"minecraft:walk_under_water_one_cm":1291,"minecraft:jump":2035,"minecraft:walk_on_water_one_cm":2097,"minecraft:total_world_time":136822,"minecraft:interact_with_furnace":31,"tombstone:raider_killed":6,"minecraft:sleep_in_bed":6,"minecraft:time_since_rest":8324,"minecraft:damage_taken":2906,"minecraft:damage_dealt":11700,"minecraft:swim_one_cm":9010,"minecraft:fly_one_cm":419748,"minecraft:player_kills":1,"minecraft:open_chest":88,"minecraft:crouch_one_cm":1576,"tombstone:undead_killed":12,"minecraft:fall_one_cm":40645}},"DataVersion":3465}