{"stats":{"minecraft:custom":{"minecraft:mob_kills":98,"minecraft:open_barrel":3,"minecraft:interact_with_crafting_table":102,"minecraft:damage_dealt_resisted":69,"minecraft:leave_game":8,"minecraft:time_since_death":108207,"minecraft:climb_one_cm":19014,"minecraft:sprint_one_cm":638401,"minecraft:walk_one_cm":602878,"minecraft:drop":30,"minecraft:talked_to_villager":2,"minecraft:play_time":259529,"minecraft:deaths":7,"minecraft:sneak_time":1803,"minecraft:walk_under_water_one_cm":5198,"minecraft:jump":4351,"minecraft:interact_with_brewingstand":1,"minecraft:interact_with_blast_furnace":3,"minecraft:walk_on_water_one_cm":37351,"minecraft:total_world_time":259529,"minecraft:interact_with_furnace":53,"minecraft:interact_with_loom":1,"minecraft:interact_with_stonecutter":3,"minecraft:sleep_in_bed":14,"minecraft:time_since_rest":1497,"minecraft:damage_taken":3988,"minecraft:damage_dealt":15538,"minecraft:swim_one_cm":16716,"minecraft:fly_one_cm":672240,"minecraft:player_kills":1,"minecraft:open_chest":141,"minecraft:crouch_one_cm":5427,"tombstone:undead_killed":41,"minecraft:interact_with_smoker":12,"minecraft:fall_one_cm":104494,"minecraft:inspect_dispenser":3},"minecraft:picked_up":{"luminousworld:groundpebbles_1":2,"minecraft:iron_chestplate":1,"minecraft:crafting_table":15,"minecraft:chicken":7,"minecraft:amethyst_block":19,"alexsmobs:gazelle_horn":1,"minecraft:moss_carpet":1,"minecraft:red_bed":1,"minecraft:string":5,"minecraft:raw_copper":70,"minecraft:item_frame":2,"minecraft:cyan_carpet":1,"minecraft:cobbled_deepslate":431,"minecraft:beef":27,"minecraft:player_head":2,"minecraft:calcite":1,"minecraft:light_gray_wool":1,"minecraft:egg":2,"minecraft:furnace":1,"minecraft:stick":66,"minecraft:raw_iron":29,"minecraft:stripped_mangrove_wood":1,"born_in_chaos_v1:phantom_powder":1,"minecraft:torch":3,"minecraft:acacia_log":194,"minecraft:porkchop":26,"minecraft:cherry_log":4,"tombstone:grave_dust":6,"minecraft:pointed_dripstone":1,"minecraft:diorite":22,"minecraft:carrot":1,"minecraft:redstone":44,"minecraft:orange_bed":1,"minecraft:arrow":11,"minecraft:stone_sword":1,"minecraft:rotten_flesh":16,"minecraft:mutton":9,"undead_revamp2:arapholia":1,"minecraft:cod":1,"minecraft:white_wool":4,"minecraft:cobblestone":861,"minecraft:birch_log":28,"born_in_chaos_v1:corpse_maggot":6,"minecraft:feather":7,"minecraft:tripwire_hook":1,"minecraft:andesite":7,"minecraft:jungle_log":3,"minecraft:leather":16,"minecraft:tuff":19,"minecraft:oak_log":154,"minecraft:chainmail_chestplate":1,"undead_revamp2:huntereye":1,"minecraft:lapis_lazuli":43,"minecraft:dirt":55,"minecraft:bone":19,"minecraft:apple":4,"minecraft:wheat_seeds":28,"minecraft:raw_gold":12,"minecraft:iron_ingot":2,"tombstone:bag_of_seeds":1,"minecraft:bamboo":8,"minecraft:gray_bed":1,"minecraft:acacia_sapling":28,"minecraft:gravel":3,"minecraft:dripstone_block":4,"minecraft:amethyst_shard":16,"minecraft:blast_furnace":1,"minecraft:mossy_cobblestone":13,"minecraft:diamond":39,"minecraft:stone_axe":2,"minecraft:lever":1,"minecraft:granite":65,"vanillaplustools:stone_hammer":1,"minecraft:bread":38,"tombstone:magic_scroll":1,"minecraft:oak_sapling":38,"minecraft:dark_oak_fence":1,"minecraft:coal":107},"minecraft:used":{"quark:birch_chest":2,"minecraft:stone_sword":76,"vanillaplustools:stone_hammer":131,"minecraft:orange_bed":1,"minecraft:torch":7,"minecraft:dirt":5,"minecraft:mutton":6,"minecraft:tuff":19,"born_in_chaos_v1:corpse_maggot":1,"minecraft:wooden_axe":277,"stalwart_dungeons:diamond_hammer":384,"undead_revamp2:huntereye":1,"minecraft:item_frame":1,"minecraft:furnace":11,"minecraft:gray_bed":1,"tombstone:gift":1,"minecraft:egg":1,"minecraft:cobbled_deepslate":74,"minecraft:cooked_beef":3,"minecraft:acacia_planks":20,"minecraft:cooked_mutton":5,"minecraft:stone_pickaxe":170,"minecraft:wooden_pickaxe":50,"minecraft:diamond_axe":3,"minecraft:stonecutter":1,"minecraft:crafting_table":20,"minecraft:red_bed":1,"quark:acacia_chest":5,"minecraft:cod":1,"minecraft:apple":4,"minecraft:chicken":5,"minecraft:bread":35,"minecraft:iron_pickaxe":25,"minecraft:gravel":1,"minecraft:stone_axe":136,"minecraft:cobblestone":28,"minecraft:porkchop":9,"quark:oak_chest":4},"minecraft:killed":{"undead_revamp2:thehunter":2,"born_in_chaos_v1:zombie_lumberjack":1,"undead_revamp2:bomber":1,"enemyexpansion:direwolf":4,"born_in_chaos_v1:zombie_bruiser":2,"undead_revamp2:theswarmer":1,"born_in_chaos_v1:maggot":3,"creeperoverhaul:bamboo_creeper":1,"minecraft:skeleton":12,"minecraft:chicken":7,"undead_revamp2:sucker":1,"luminousworld:charaxes":1,"luminousworld:savannah_zombie":7,"minecraft:pig":14,"undead_revamp2:the_moonflower":3,"born_in_chaos_v1:decrepit_skeleton":1,"minecraft:sheep":5,"luminousworld:savannah_skeleton":5,"undead_revamp2:thesomnolence":3,"minecraft:zombie":6,"born_in_chaos_v1:dread_hound":1,"alexsmobs:gazelle":1,"born_in_chaos_v1:corpse_fly":1,"minecraft:cow":14},"minecraft:dropped":{"minecraft:bread":11,"minecraft:feather":1,"minecraft:cobblestone":33,"minecraft:stick":28,"minecraft:string":3,"minecraft:gravel":1,"minecraft:stone_sword":1,"minecraft:cobbled_deepslate":66,"minecraft:rotten_flesh":1,"minecraft:oak_planks":33,"stalwart_dungeons:diamond_hammer":1,"minecraft:andesite":5,"born_in_chaos_v1:corpse_maggot":3,"vanillaplustools:stone_hammer":1,"minecraft:oak_sapling":7},"minecraft:killed_by":{"undead_revamp2:thespitter":1,"minecraft:skeleton":1,"born_in_chaos_v1:dread_hound":1},"minecraft:mined":{"minecraft:tuff":19,"minecraft:mossy_cobblestone":14,"minecraft:deepslate_diamond_ore":39,"minecraft:jungle_leaves":2,"minecraft:budding_amethyst":4,"minecraft:glow_lichen":1,"minecraft:granite":69,"minecraft:acacia_log":112,"minecraft:grass_block":7,"minecraft:jungle_log":4,"minecraft:redstone_wire":16,"minecraft:spawner":3,"luminousworld:savanna_grass_2":1,"minecraft:redstone_ore":1,"minecraft:furnace":1,"minecraft:iron_ore":3,"minecraft:cobbled_deepslate":4,"minecraft:andesite":7,"minecraft:deepslate_lapis_ore":7,"minecraft:deepslate_iron_ore":22,"minecraft:vine":3,"minecraft:dirt_path":2,"minecraft:player_head":2,"minecraft:stripped_mangrove_wood":1,"luminousworld:groundpebbles_2":2,"minecraft:bamboo":1,"minecraft:stone":803,"minecraft:orange_bed":1,"minecraft:deepslate_redstone_ore":5,"minecraft:red_bed":1,"minecraft:amethyst_cluster":8,"minecraft:crafting_table":15,"minecraft:torch":2,"minecraft:blast_furnace":1,"minecraft:calcite":2,"minecraft:tall_grass":15,"minecraft:copper_ore":22,"minecraft:cobblestone":15,"minecraft:deepslate_gold_ore":7,"minecraft:diorite":22,"minecraft:amethyst_block":19,"minecraft:birch_log":2,"minecraft:gray_bed":1,"minecraft:birch_leaves":1,"minecraft:grass":32,"minecraft:oak_log":155,"minecraft:coal_ore":103,"minecraft:cyan_carpet":1,"minecraft:gravel":2,"minecraft:dripstone_block":4,"minecraft:dirt":31,"minecraft:oak_leaves":42,"minecraft:deepslate":386},"minecraft:crafted":{"hangglider:glider_framework":1,"minecraft:smooth_stone":3,"minecraft:oak_planks":376,"minecraft:stone_shovel":1,"quark:birch_chest":2,"vanillaplustools:stone_hammer":1,"quark:sturdy_stone":1,"minecraft:furnace":12,"minecraft:stone":6,"stalwart_dungeons:diamond_hammer":2,"minecraft:cooked_mutton":6,"quark:acacia_chest":5,"minecraft:diamond_helmet":1,"minecraft:diamond_leggings":1,"minecraft:stone_pickaxe":13,"aether:diamond_gloves":1,"minecraft:diamond_boots":1,"minecraft:gray_bed":1,"minecraft:cooked_beef":5,"minecraft:cooked_porkchop":2,"minecraft:diamond_axe":1,"minecraft:crafting_table":9,"minecraft:wooden_pickaxe":2,"minecraft:oak_wood":6,"minecraft:birch_planks":112,"minecraft:stone_axe":2,"minecraft:air":0,"aether:iron_gloves":1,"minecraft:stick":148,"quark:oak_chest":4,"minecraft:iron_ingot":28,"minecraft:iron_pickaxe":2,"minecraft:wooden_axe":5,"minecraft:stone_sword":2,"minecraft:stonecutter":1,"minecraft:acacia_planks":212,"minecraft:torch":24,"minecraft:diamond_chestplate":1},"minecraft:broken":{"vanillaplustools:stone_hammer":1,"minecraft:wooden_axe":4}},"DataVersion":3465}