{"stats":{"minecraft:killed_by":{"minecraft:vindicator":1,"alexsmobs:crocodile":2},"minecraft:crafted":{"minecraft:wooden_sword":1,"minecraft:smooth_stone":2,"vanillaplustools:stone_hammer":3,"minecraft:crafting_table":1,"minecraft:wooden_pickaxe":1,"minecraft:furnace":1,"minecraft:stone":1,"stalwart_dungeons:diamond_hammer":1,"minecraft:air":0,"vanillaplustools:iron_hammer":1,"minecraft:diamond_helmet":1,"minecraft:diamond_leggings":1,"minecraft:stick":88,"minecraft:iron_ingot":21,"minecraft:iron_pickaxe":10,"minecraft:stone_pickaxe":27,"minecraft:wooden_axe":1,"minecraft:diamond_boots":1,"minecraft:acacia_planks":24,"minecraft:diamond_chestplate":1},"minecraft:custom":{"minecraft:interact_with_furnace":27,"minecraft:mob_kills":3,"minecraft:interact_with_crafting_table":37,"minecraft:time_since_death":41744,"minecraft:sleep_in_bed":3,"minecraft:time_since_rest":38484,"minecraft:sprint_one_cm":131409,"minecraft:damage_taken":1237,"minecraft:walk_one_cm":154317,"minecraft:drop":39,"minecraft:damage_dealt":628,"minecraft:fly_one_cm":151294,"minecraft:open_chest":20,"minecraft:crouch_one_cm":977,"minecraft:deaths":3,"minecraft:play_time":64714,"tombstone:undead_killed":1,"minecraft:sneak_time":160,"minecraft:jump":695,"minecraft:walk_on_water_one_cm":205,"minecraft:total_world_time":64714,"minecraft:fall_one_cm":15915},"minecraft:mined":{"luminousworld:savannah_soil":1,"minecraft:tuff":159,"iceandfire:silver_ore":3,"minecraft:deepslate_diamond_ore":57,"minecraft:stone_brick_slab":5,"minecraft:crafting_table":7,"luminousworld:savannah_grass_1":9,"minecraft:granite":11,"minecraft:acacia_log":11,"luminousworld:bao_bob_wood":1,"born_in_chaos_v1:black_argillite":1,"minecraft:diorite":39,"luminousworld:savanna_grass_2":2,"minecraft:deepslate_copper_ore":2,"minecraft:skeleton_skull":1,"minecraft:furnace":3,"minecraft:iron_ore":45,"minecraft:cobbled_deepslate":6,"minecraft:andesite":173,"minecraft:deepslate_lapis_ore":1,"minecraft:stone_brick_stairs":8,"minecraft:grass":2,"minecraft:deepslate_iron_ore":16,"minecraft:oak_log":4,"minecraft:coal_ore":61,"luminousworld:ishstone":13,"minecraft:acacia_fence":1,"minecraft:cracked_stone_bricks":6,"minecraft:stone_bricks":10,"minecraft:stone":621,"luminousworld:elephant_grass":1,"luminousworld:savannah_grass_4":2,"minecraft:mossy_stone_bricks":6,"minecraft:deepslate":1496},"minecraft:broken":{"vanillaplustools:stone_hammer":1},"minecraft:killed":{"earthmobsmod:duck":1,"luminousworld:savannah_skeleton":1,"alexsmobs:crocodile":1},"minecraft:picked_up":{"luminousworld:savannah_ground":16,"luminousworld:groundpebbles_1":1,"minecraft:crafting_table":7,"minecraft:feather":1,"minecraft:chicken":1,"minecraft:salmon":1,"minecraft:andesite":237,"luminousworld:ishstone":12,"minecraft:wooden_pickaxe":1,"luminousworld:bao_bob_wood":1,"minecraft:tuff":64,"minecraft:oak_log":3,"tombstone:grave_key":1,"minecraft:lapis_lazuli":1,"minecraft:raw_copper":5,"minecraft:cooked_mutton":1,"minecraft:experience_bottle":1,"minecraft:apple":1,"minecraft:cracked_stone_bricks":2,"minecraft:wheat_seeds":11,"minecraft:cobbled_deepslate":911,"minecraft:iron_ingot":15,"luminousworld:elephant_grass":2,"minecraft:mossy_stone_bricks":1,"minecraft:rabbit":1,"minecraft:furnace":3,"minecraft:book":4,"minecraft:stick":1,"minecraft:raw_iron":61,"minecraft:acacia_fence":1,"minecraft:acacia_log":12,"luminousworld:savannah_soil":1,"minecraft:diorite":35,"minecraft:golden_chestplate":1,"alexsmobs:crocodile_scute":1,"minecraft:arrow":2,"minecraft:weeping_vines":1,"minecraft:diamond":61,"minecraft:granite":22,"minecraft:emerald":1,"minecraft:gold_ingot":1,"minecraft:coal":61,"minecraft:skeleton_skull":1,"iceandfire:raw_silver":3,"minecraft:cobblestone":681},"minecraft:used":{"minecraft:wooden_pickaxe":48,"vanillaplustools:stone_hammer":287,"minecraft:crafting_table":7,"minecraft:wooden_axe":11,"minecraft:bread":10,"stalwart_dungeons:diamond_hammer":6,"minecraft:iron_pickaxe":10,"minecraft:wooden_sword":26,"minecraft:cobblestone":14,"vanillaplustools:iron_hammer":25,"minecraft:furnace":3,"minecraft:acacia_fence":1,"tombstone:gift":2},"minecraft:dropped":{"alexsmobs:crocodile_scute":1,"minecraft:cobbled_deepslate":539,"luminousworld:ishstone":12,"minecraft:raw_copper":5,"minecraft:tuff":64,"minecraft:chicken":1,"minecraft:feather":1,"minecraft:cobblestone":296,"minecraft:cracked_stone_bricks":1,"minecraft:granite":22,"luminousworld:savannah_soil":1,"minecraft:wooden_axe":1,"luminousworld:savannah_ground":16,"luminousworld:groundpebbles_1":1,"minecraft:andesite":192,"minecraft:mossy_stone_bricks":1,"vanillaplustools:stone_hammer":1,"minecraft:wooden_sword":1,"luminousworld:elephant_grass":2,"minecraft:arrow":2,"minecraft:wooden_pickaxe":2}},"DataVersion":3465}