{"stats":{"minecraft:killed_by":{"minecraft:vindicator":1},"minecraft:custom":{"minecraft:jump":172,"minecraft:open_chest":6,"minecraft:time_since_rest":1179,"minecraft:deaths":1,"minecraft:damage_dealt":20,"minecraft:crouch_one_cm":384,"minecraft:walk_on_water_one_cm":205,"minecraft:sprint_one_cm":30960,"minecraft:play_time":4714,"minecraft:damage_taken":300,"minecraft:time_since_death":2011,"minecraft:walk_one_cm":11744,"minecraft:sneak_time":46,"minecraft:total_world_time":4714,"minecraft:fall_one_cm":2995,"minecraft:fly_one_cm":37621},"minecraft:picked_up":{"tombstone:grave_key":1,"minecraft:gold_ingot":1}},"DataVersion":3465}