{"stats":{"minecraft:killed":{"earthmobsmod:duck":1,"aether:sentry":1,"born_in_chaos_v1:skeleton_demoman":1,"minecraft:spider":2,"enemyexpansion:equestrian":1,"born_in_chaos_v1:siamese_skeletonsright":2,"creeperoverhaul:bamboo_creeper":1,"born_in_chaos_v1:baby_skeleton_minion":1,"born_in_chaos_v1:scarlet_persecutor":9,"minecraft:skeleton":13,"undead_revamp2:deadclogger":1,"mowziesmobs:umvuthana_crane":3,"illagerinvasion:provoker":4,"alexsmobs:straddler":2,"minecraft:illusioner":1,"luminousworld:charaxes":1,"alexsmobs:kangaroo":3,"minecraft:magma_cube":22,"minecraft:piglin":6,"born_in_chaos_v1:bonescaller":1,"minecraft:pig":2,"alexsmobs:anteater":1,"born_in_chaos_v1:diamond_termite":2,"undead_revamp2:theheavy":1,"alexsmobs:stradpole":6,"aether:phyg":1,"minecraft:sheep":2,"luminousworld:savannah_skeleton":3,"minecraft:zombie":6,"born_in_chaos_v1:dread_hound":3,"alexsmobs:terrapin":2,"born_in_chaos_v1:corpse_fly":2,"bettermobs:capivara":1,"iceandfire:lightning_dragon":2,"iceandfire:sea_serpent":1,"born_in_chaos_v1:siamese_skeletonsleft":2,"minecraft:cow":2,"mowziesmobs:naga":1,"aether:mimic":9,"minecraft:vindicator":1,"illagerinvasion:marauder":1,"luminousworld:swallowtail":1,"enemyexpansion:direwolf":4,"born_in_chaos_v1:maggot":7,"minecraft:phantom":4,"alexsmobs:gorilla":1,"minecraft:horse":1,"iceandfire:fire_dragon":2,"aether:valkyrie_queen":1,"minecraft:drowned":1,"aether:valkyrie":9,"luminousworld:savannah_zombie":9,"mowziesmobs:umvuthana":1,"iceandfire:hippocampus":4,"aether:slider":1,"born_in_chaos_v1:spirit_guide":1,"born_in_chaos_v1:fallen_chaos_knight":1,"minecraft:husk":12,"born_in_chaos_v1:baby_skeleton":1,"quark:foxhound":1,"born_in_chaos_v1:spirit_guide_assistant":3,"naturalist:lizard_tail":1,"undead_revamp2:the_moonflower":2,"aether:cockatrice":1,"minecraft:hoglin":14,"born_in_chaos_v1:decrepit_skeleton":4,"undead_revamp2:thesomnolence":11,"alexsmobs:crocodile":1,"endermanoverhaul:cave_enderman":1,"iceandfire:ghost":1,"creeperoverhaul:ocean_creeper":1,"alexsmobs:gazelle":6,"born_in_chaos_v1:dark_vortex":1,"minecraft:wither_skeleton":7},"minecraft:killed_by":{"minecraft:wither_skeleton":2,"aether:valkyrie":1,"minecraft:vindicator":1,"alexsmobs:crocodile":2,"minecraft:husk":1,"minecraft:player":2},"minecraft:mined":{"aether:cold_aercloud":1,"aether:angelic_stone":1,"minecraft:jungle_leaves":3,"minecraft:obsidian":7,"minecraft:granite":106,"minecraft:acacia_log":39,"luminousworld:bao_bob_wood":1,"minecraft:grass_block":2,"minecraft:cracked_polished_blackstone_bricks":2,"minecraft:soul_soil":2,"minecraft:polished_diorite":4,"minecraft:gilded_blackstone":9,"minecraft:chiseled_stone_bricks":2,"luminousworld:savanna_grass_2":12,"minecraft:spawner":8,"minecraft:polished_blackstone_bricks":2,"minecraft:magma_block":67,"minecraft:glowstone":21,"minecraft:iron_ore":45,"minecraft:cobbled_deepslate":22,"minecraft:sticky_piston":6,"minecraft:fire":1,"minecraft:deepslate_lapis_ore":2,"minecraft:pointed_dripstone":8,"minecraft:iron_bars":2,"aether:carved_stone":3,"minecraft:player_head":2,"minecraft:deepslate_redstone_ore":6,"aether:holystone":945,"minecraft:blackstone":108,"luminousworld:tall_deadbush":3,"minecraft:smoker":1,"aether:icestone":16,"minecraft:nether_quartz_ore":74,"minecraft:cobblestone":7,"minecraft:wall_torch":1,"minecraft:deepslate_copper_ore":11,"minecraft:skeleton_skull":1,"minecraft:seagrass":1,"aether:aether_grass_block":22,"minecraft:stone_brick_stairs":8,"minecraft:grass":24,"minecraft:oak_log":9,"minecraft:acacia_fence":1,"minecraft:dirt":3,"aether:ambrosium_ore":41,"minecraft:ancient_debris":46,"minecraft:netherrack":7339,"luminousworld:savannah_grass_4":5,"minecraft:oak_leaves":7,"minecraft:deepslate":1768,"minecraft:nether_gold_ore":7,"minecraft:tuff":159,"minecraft:red_carpet":1,"iceandfire:silver_ore":8,"minecraft:mossy_cobblestone":13,"minecraft:deepslate_diamond_ore":66,"iceandfire:crackled_gravel":1,"born_in_chaos_v1:infected_diamond_ore":7,"minecraft:stripped_jungle_wood":2,"born_in_chaos_v1:black_argillite":4,"aether:mossy_holystone":1,"luminousworld:grassvariant_2":1,"aether:white_flower":1,"quark:acacia_chest":2,"minecraft:birch_slab":4,"luminousworld:groundpebbles_3":1,"aether:aether_dirt":66,"minecraft:furnace":7,"luminousworld:yellow_grassflowers":1,"iceandfire:crackled_grass":1,"minecraft:andesite":308,"aether:skyroot_log":10,"minecraft:bookshelf":13,"minecraft:deepslate_iron_ore":16,"minecraft:stone":2836,"aether:gravitite_ore":9,"luminousworld:savannah_soil":1,"minecraft:redstone_block":8,"aether:zanite_ore":9,"minecraft:soul_sand":2,"minecraft:dandelion":1,"minecraft:basalt":296,"minecraft:stone_brick_slab":6,"supplementaries:ashen_basalt":2,"minecraft:crafting_table":9,"luminousworld:savannah_grass_1":20,"minecraft:campfire":1,"minecraft:smooth_red_sandstone_slab":1,"minecraft:stone_slab":9,"luminousworld:grassflowers":1,"minecraft:copper_ore":4,"minecraft:tall_grass":2,"minecraft:lapis_ore":27,"minecraft:diorite":75,"supplementaries:urn":1,"minecraft:spruce_stairs":1,"aether:skyroot_leaves":7,"minecraft:birch_planks":2,"aether:berry_bush":1,"minecraft:yellow_bed":1,"minecraft:coal_ore":79,"luminousworld:ishstone":46,"minecraft:gravel":8,"minecraft:dripstone_block":3,"minecraft:cobweb":2,"minecraft:cracked_stone_bricks":6,"minecraft:stone_bricks":24,"luminousworld:elephant_grass":3,"minecraft:mossy_stone_bricks":6,"aether:berry_bush_stem":1,"minecraft:iron_trapdoor":1,"minecraft:fern":3},"minecraft:used":{"aether:bronze_dungeon_key":1,"minecraft:obsidian":3,"minecraft:lava_bucket":6,"iceandfire:crackled_gravel":1,"minecraft:lantern":1,"minecraft:red_carpet":47,"minecraft:furnace":11,"minecraft:acacia_fence":1,"minecraft:blackstone":11,"minecraft:wooden_pickaxe":48,"aether:enchanted_dart_shooter":3,"vanillaplustools:diamond_hammer":1525,"minecraft:golden_apple":3,"minecraft:black_bed":2,"minecraft:shears":2,"minecraft:bread":92,"ecologics:coconut_slice":2,"minecraft:diamond_sword":142,"minecraft:wooden_sword":26,"ironchest:crystal_chest":1,"minecraft:cobweb":2,"minecraft:enchanting_table":1,"minecraft:iron_bars":8,"iceandfire:silver_sword":4,"securitycraft:keypad_chest":3,"aether:aether_dirt":6,"vanillaplustools:stone_hammer":300,"minecraft:netherrack":29,"ironchest:diamond_chest":1,"minecraft:anvil":12,"aether:altar":6,"minecraft:wooden_axe":11,"minecraft:iron_axe":56,"stalwart_dungeons:diamond_hammer":1788,"aether:holy_sword":9,"securitycraft:reinforced_lantern":16,"minecraft:basalt":63,"tombstone:gift":2,"minecraft:cobbled_deepslate":169,"aether:holystone":97,"minecraft:enchanted_golden_apple":71,"aether:silver_dungeon_key":1,"minecraft:water_bucket":3,"aether:gravitite_pickaxe":258,"minecraft:polished_blackstone_bricks":1,"quark:acacia_bookshelf":12,"minecraft:crafting_table":12,"quark:acacia_chest":2,"minecraft:cod":1,"tombstone:bag_of_seeds":1,"twilightforest:mazebreaker_pickaxe":318,"minecraft:apple":1,"minecraft:iron_pickaxe":119,"minecraft:cobblestone":322,"vanillaplustools:iron_hammer":42,"minecraft:bucket":9,"minecraft:pumpkin_pie":42,"minecraft:yellow_bed":1},"minecraft:crafted":{"minecraft:smooth_stone":2,"iceandfire:tide_deepblue_chestplate":1,"minecraft:stone":1,"aether:skyroot_stick":8,"minecraft:cooked_mutton":6,"minecraft:iron_bars":16,"quark:acacia_bookshelf":12,"vanillaplustools:iron_hammer":1,"minecraft:diamond_helmet":2,"minecraft:diamond_leggings":2,"minecraft:crafting_table":3,"minecraft:wooden_pickaxe":1,"minecraft:copper_ingot":45,"iceandfire:tide_deepblue_leggings":1,"minecraft:diamond_pickaxe":1,"minecraft:stick":92,"minecraft:iron_ingot":21,"minecraft:iron_pickaxe":10,"minecraft:netherite_ingot":3,"iceandfire:silver_sword":1,"minecraft:shears":1,"iceandfire:tide_deepblue_boots":1,"minecraft:wooden_sword":1,"vanillaplustools:stone_hammer":3,"aether:enchanted_gravitite":5,"minecraft:furnace":7,"stalwart_dungeons:diamond_hammer":2,"minecraft:leather":1,"aether:altar":6,"minecraft:stone_pickaxe":27,"minecraft:diamond_boots":2,"minecraft:netherite_scrap":33,"iceandfire:tide_deepblue_helmet":1,"aether:skyroot_planks":16,"minecraft:diamond_sword":2,"iceandfire:silver_ingot":3,"minecraft:enchanting_table":1,"minecraft:bucket":1,"minecraft:air":0,"minecraft:wooden_axe":1,"minecraft:acacia_planks":136,"aether:gravitite_pickaxe":1,"minecraft:diamond_chestplate":2},"minecraft:custom":{"minecraft:interact_with_crafting_table":107,"minecraft:open_barrel":19,"minecraft:eat_cake_slice":5,"minecraft:leave_game":9,"minecraft:time_since_death":111288,"minecraft:damage_resisted":2931,"minecraft:sprint_one_cm":1612755,"minecraft:drop":236,"minecraft:talked_to_villager":2,"minecraft:play_time":592065,"minecraft:deaths":12,"minecraft:jump":10150,"minecraft:walk_on_water_one_cm":55776,"minecraft:enchant_item":24,"minecraft:interact_with_furnace":60,"minecraft:sleep_in_bed":11,"minecraft:damage_dealt":83955,"minecraft:player_kills":1,"minecraft:crouch_one_cm":16424,"tombstone:undead_killed":78,"minecraft:interact_with_anvil":30,"minecraft:mob_kills":272,"minecraft:damage_dealt_resisted":934,"minecraft:climb_one_cm":22677,"minecraft:walk_one_cm":1611243,"minecraft:sneak_time":4308,"minecraft:walk_under_water_one_cm":47962,"minecraft:interact_with_blast_furnace":1,"minecraft:total_world_time":592065,"tombstone:raider_killed":11,"minecraft:interact_with_stonecutter":2,"minecraft:time_since_rest":81099,"minecraft:damage_taken":15902,"minecraft:damage_absorbed":4628,"minecraft:swim_one_cm":222923,"minecraft:fly_one_cm":1890080,"minecraft:open_chest":440,"minecraft:fall_one_cm":263592},"minecraft:broken":{"aether:golden_gloves":1,"minecraft:diamond_helmet":1,"vanillaplustools:stone_hammer":1},"minecraft:picked_up":{"aether:carved_stone":5,"minecraft:iron_chestplate":3,"minecraft:wheat":4,"aether:zanite_leggings":1,"minecraft:redstone_block":8,"minecraft:chainmail_boots":1,"minecraft:stone_slab":9,"minecraft:enchanted_book":1,"minecraft:gilded_blackstone":4,"tombstone:grave_key":1,"aether:ambrosium_torch":1,"minecraft:golden_sword":3,"alexsmobs:gazelle_horn":4,"minecraft:string":2,"minecraft:raw_copper":87,"minecraft:sticky_piston":6,"minecraft:experience_bottle":1,"minecraft:smooth_red_sandstone_slab":1,"minecraft:cobbled_deepslate":1043,"minecraft:smooth_stone":1,"minecraft:gold_nugget":215,"aether:holystone_pickaxe":3,"twilightforest:mazebreaker_pickaxe":1,"minecraft:enchanted_golden_apple":64,"minecraft:furnace":8,"iceandfire:pixie_dust":3,"minecraft:stick":11,"born_in_chaos_v1:shattered_skull":3,"minecraft:acacia_fence":1,"mowziesmobs:sol_visage":1,"minecraft:torch":1,"minecraft:acacia_log":40,"minecraft:spruce_stairs":3,"minecraft:porkchop":4,"luminousworld:savannah_soil":1,"iceandfire:lightning_dragon_flesh":7,"iceandfire:crackled_gravel":2,"minecraft:pointed_dripstone":9,"tombstone:grave_dust":13,"minecraft:diorite":35,"minecraft:golden_chestplate":2,"undead_revamp2:cloogerribs":43,"minecraft:stone_sword":1,"minecraft:rotten_flesh":68,"luminousworld:yellow_grassflowers":3,"aether:chainmail_gloves":1,"iceandfire:fire_dragon_heart":2,"luminousworld:tall_deadbush":3,"supplementaries:ash":19,"aether:iron_ring":2,"aether:gravitite_ore":7,"minecraft:obsidian":9,"minecraft:iron_bars":2,"minecraft:cod":1,"minecraft:cobblestone":2361,"iceandfire:dragonscales_black":50,"luminousworld:savannah_ground":16,"minecraft:magma_block":53,"ecologics:walnut":4,"minecraft:feather":28,"minecraft:magma_cream":12,"minecraft:birch_slab":5,"minecraft:andesite":262,"minecraft:smoker":1,"minecraft:flint":2,"minecraft:tuff":64,"minecraft:wither_skeleton_skull":1,"naturalist:lizard_tail":1,"minecraft:lapis_lazuli":290,"aether:sentry_boots":1,"minecraft:dirt":22,"aether:icestone":9,"minecraft:lantern":1,"born_in_chaos_v1:monster_skin":1,"born_in_chaos_v1:marigolds":3,"minecraft:purple_carpet":1,"minecraft:bone":69,"minecraft:bow":7,"minecraft:wheat_seeds":53,"aether:holystone":1196,"luminousworld:elephant_grass":13,"aether:cold_aercloud":1,"minecraft:mossy_stone_bricks":1,"minecraft:glowstone_dust":66,"minecraft:rabbit":1,"minecraft:bamboo":1,"aether:zanite_helmet":1,"minecraft:cooked_porkchop":62,"aether:angelic_stone":1,"iceandfire:dragon_skull_fire":2,"iceandfire:shiny_scales":10,"aether:zanite_gemstone":15,"iceandfire:lightning_dragon_heart":2,"minecraft:mossy_cobblestone":12,"aether:silver_dungeon_key":1,"minecraft:iron_hoe":1,"aether:bronze_dungeon_key":1,"minecraft:bundle":2,"alexsmobs:kangaroo_hide":2,"minecraft:diamond":111,"minecraft:lever":1,"aether:ambrosium_shard":93,"minecraft:cracked_polished_blackstone_bricks":2,"minecraft:oak_sapling":1,"minecraft:granite":25,"aether:swet_cape":1,"aether:golden_amber":3,"minecraft:emerald":13,"minecraft:chainmail_helmet":1,"minecraft:bread":44,"minecraft:netherrack":544,"minecraft:dark_oak_fence":2,"iceandfire:raw_silver":4,"iceandfire:dragon_skull_lightning":2,"born_in_chaos_v1:diamond_termite_shard":3,"luminousworld:groundpebbles_1":3,"minecraft:charcoal":2,"minecraft:crafting_table":9,"iceandfire:witherbone":8,"minecraft:chicken":1,"aether:aether_dirt":149,"born_in_chaos_v1:seedof_chaos":2,"minecraft:wooden_pickaxe":1,"luminousworld:bao_bob_wood":1,"aether:poison_dart":8,"aether:blue_berry":5,"minecraft:cornflower":2,"minecraft:iron_axe":1,"minecraft:netherite_scrap":11,"minecraft:item_frame":8,"minecraft:white_carpet":2,"minecraft:blackstone":90,"minecraft:cracked_stone_bricks":2,"minecraft:beef":1,"minecraft:player_head":3,"minecraft:chest":18,"aether:blue_gummy_swet":1,"minecraft:phantom_membrane":4,"minecraft:raw_iron":62,"iceandfire:dragonbone":29,"aether:neptune_chestplate":1,"ecologics:coconut_slice":2,"minecraft:spruce_fence":5,"minecraft:polished_blackstone_bricks":2,"minecraft:stone_button":1,"minecraft:cookie":5,"born_in_chaos_v1:pieceofdarkmetal":7,"minecraft:redstone":19,"minecraft:stone_pressure_plate":3,"alexsmobs:crocodile_scute":1,"minecraft:dark_oak_planks":7,"mowziesmobs:umvuthana_mask_faith":2,"aether:skyroot_log":9,"minecraft:weeping_vines":1,"minecraft:arrow":29,"minecraft:diamond_chestplate":1,"quark:acacia_chest":2,"mowziesmobs:umvuthana_mask_bliss":1,"minecraft:gold_ingot":1,"minecraft:mutton":6,"minecraft:skeleton_skull":1,"minecraft:white_wool":10,"born_in_chaos_v1:fused_bone":4,"born_in_chaos_v1:corpse_maggot":5,"minecraft:basalt":224,"iceandfire:sea_serpent_fang":3,"born_in_chaos_v1:monster_flesh":3,"minecraft:salmon":1,"luminousworld:ishstone":16,"minecraft:leather":99,"minecraft:birch_planks":2,"minecraft:ancient_debris":44,"stalwart_dungeons:diamond_hammer":14,"minecraft:oak_log":9,"minecraft:chainmail_chestplate":1,"iceandfire:ectoplasm":2,"minecraft:yellow_bed":1,"tombstone:voodoo_poppet":1,"minecraft:white_banner":4,"minecraft:cooked_mutton":1,"minecraft:red_carpet":1,"minecraft:stone_bricks":14,"minecraft:apple":1,"minecraft:gray_carpet":1,"minecraft:iron_ingot":27,"aether:neptune_boots":2,"minecraft:cobweb":2,"aether:victory_medal":16,"aether:berry_bush_stem":1,"tombstone:bag_of_seeds":2,"iceandfire:fire_dragon_flesh":8,"mowziesmobs:umvuthana_mask_misery":2,"iceandfire:sea_serpent_scales_deepblue":4,"minecraft:iron_sword":3,"minecraft:soul_sand":24,"aether:golden_gummy_swet":1,"minecraft:book":43,"aether:white_flower":1,"iceandfire:copper_nugget":58,"enemyexpansion:phantom_eye":1,"minecraft:chiseled_stone_bricks":2,"aether:enchanted_dart":8,"born_in_chaos_v1:ethereal_spirit":11,"iceandfire:ash":2,"minecraft:quartz":65,"minecraft:dandelion":2,"luminousworld:sunset_petunias":1,"minecraft:dripstone_block":3,"minecraft:gravel":6,"born_in_chaos_v1:dark_rod":1,"minecraft:spider_eye":2,"minecraft:crying_obsidian":1,"illagerinvasion:illusionary_dust":1,"mowziesmobs:naga_fang":1,"undead_revamp2:rawbostrox":2,"minecraft:slime_ball":15,"minecraft:polished_diorite":4,"minecraft:stripped_jungle_wood":1,"minecraft:chainmail_leggings":4,"vanillaplustools:stone_hammer":1,"minecraft:gray_wool":1,"tombstone:magic_scroll":3,"aether:golden_dart":16,"minecraft:coal":175,"minecraft:ender_pearl":1},"minecraft:dropped":{"minecraft:iron_sword":3,"minecraft:birch_planks":2,"minecraft:diamond":3,"minecraft:cooked_porkchop":2,"mowziesmobs:umvuthana_mask_faith":2,"minecraft:leather":1,"minecraft:cracked_stone_bricks":2,"aether:golden_gummy_swet":1,"aether:neptune_boots":3,"minecraft:flint":1,"minecraft:birch_slab":5,"minecraft:red_carpet":1,"twilightforest:mazebreaker_pickaxe":1,"minecraft:cracked_polished_blackstone_bricks":1,"minecraft:dirt":19,"tombstone:bag_of_seeds":2,"minecraft:dark_oak_fence":2,"minecraft:stone_button":1,"mowziesmobs:umvuthana_mask_bliss":1,"minecraft:cornflower":1,"minecraft:crimson_roots":2,"minecraft:gold_nugget":61,"minecraft:pumpkin_pie":16,"minecraft:wooden_sword":1,"minecraft:amethyst_shard":6,"minecraft:polished_blackstone_bricks":1,"minecraft:smooth_red_sandstone_slab":1,"minecraft:dark_oak_planks":7,"minecraft:bone":3,"aether:blue_gummy_swet":1,"aether:zanite_leggings":2,"aether:ambrosium_torch":43,"minecraft:golden_chestplate":1,"minecraft:cobbled_deepslate":544,"minecraft:stripped_jungle_wood":1,"minecraft:wheat":4,"minecraft:rotten_flesh":53,"luminousworld:tall_deadbush":3,"minecraft:enchanted_golden_apple":18,"minecraft:glowstone_dust":64,"luminousworld:savannah_soil":1,"aether:zanite_helmet":2,"iceandfire:crackled_gravel":1,"aether:ambrosium_shard":52,"stalwart_dungeons:diamond_hammer":4,"supplementaries:ash":8,"aether:golden_dart":29,"minecraft:skeleton_skull":1,"minecraft:chest":10,"iceandfire:pixie_dust":1,"vanillaplustools:stone_hammer":1,"aether:lightning_sword":1,"minecraft:iron_bars":8,"minecraft:arrow":15,"mowziesmobs:umvuthana_mask_fury":1,"aether:invisibility_cloak":1,"minecraft:quartz":1,"minecraft:netherrack":384,"minecraft:purple_carpet":1,"minecraft:enchanted_book":3,"minecraft:bread":18,"minecraft:wheat_seeds":11,"luminousworld:ishstone":12,"minecraft:mossy_cobblestone":12,"aether:angelic_stone":1,"minecraft:feather":18,"minecraft:cobblestone":663,"aether:iron_ring":1,"minecraft:granite":22,"minecraft:spruce_stairs":3,"minecraft:stick":2,"aether:poison_dart":8,"mowziesmobs:sol_visage":1,"aether:holystone_pickaxe":2,"minecraft:wooden_axe":1,"luminousworld:savannah_ground":16,"born_in_chaos_v1:fused_bone":3,"tombstone:grave_dust":4,"aether:enchanted_dart_shooter":1,"minecraft:white_banner":2,"aether:sentry_boots":2,"aether:neptune_chestplate":2,"minecraft:acacia_planks":20,"minecraft:gray_carpet":1,"minecraft:dandelion":1,"minecraft:furnace":1,"alexsmobs:crocodile_scute":1,"aether:lightning_knife":1,"minecraft:player_head":2,"minecraft:stone_sword":1,"aether:blue_berry":5,"minecraft:raw_copper":5,"minecraft:tuff":64,"minecraft:chicken":1,"minecraft:white_carpet":2,"aether:aether_dirt":79,"minecraft:spruce_fence":6,"minecraft:diamond_chestplate":1,"mowziesmobs:umvuthana_mask_misery":2,"minecraft:bundle":1,"minecraft:iron_chestplate":2,"luminousworld:groundpebbles_1":3,"minecraft:andesite":192,"minecraft:mossy_stone_bricks":1,"minecraft:golden_sword":3,"aether:holystone":454,"luminousworld:elephant_grass":9,"sophisticatedbackpacks:copper_backpack":1,"minecraft:bow":4,"minecraft:wooden_pickaxe":2,"iceandfire:sea_serpent_fang":1,"minecraft:magma_block":52}},"DataVersion":3465}