{"stats":{"minecraft:killed":{"earthmobsmod:duck":1,"minecraft:spider":1,"born_in_chaos_v1:scarlet_persecutor":2,"minecraft:skeleton":7,"minecraft:bee":1,"alexsmobs:straddler":1,"alexsmobs:kangaroo":1,"minecraft:parrot":1,"born_in_chaos_v1:bone_imp":1,"alexsmobs:seal":1,"minecraft:iron_golem":1,"iceandfire:cockatrice":1,"minecraft:sheep":9,"luminousworld:savannah_skeleton":8,"minecraft:zombie":3,"born_in_chaos_v1:corpse_fly":10,"enemyexpansion:botfly":7,"undead_revamp2:theskeeper":1,"bettermobs:capivara":1,"iceandfire:pixie":1,"born_in_chaos_v1:door_knight":1,"luminousworld:zebra":1,"minecraft:cow":2,"enemyexpansion:wasp":1,"mowziesmobs:naga":1,"minecraft:vex":3,"luminousworld:swallowtail":1,"born_in_chaos_v1:zombie_bruiser":1,"born_in_chaos_v1:maggot":2,"minecraft:horse":3,"naturalist:bass":2,"undead_revamp2:sucker":2,"born_in_chaos_v1:spirit_guide":1,"minecraft:husk":6,"born_in_chaos_v1:baby_skeleton":2,"earthmobsmod:skeleton_wolf":1,"undead_revamp2:the_moonflower":2,"enemyexpansion:sprinter":2,"alexsmobs:emu":1,"born_in_chaos_v1:phantom_creeper_copy":1,"iceandfire:ghost":2,"creeperoverhaul:ocean_creeper":1,"alexsmobs:gazelle":1,"born_in_chaos_v1:nightmare_stalker":1,"naturalist:lizard":1,"minecraft:villager":2},"minecraft:killed_by":{"minecraft:wither_skeleton":3,"born_in_chaos_v1:nightmare_stalker":1,"minecraft:vindicator":1,"alexsmobs:crocodile":1,"born_in_chaos_v1:scarlet_persecutor":1,"undead_revamp2:theheavy":1,"iceandfire:fire_dragon":2,"minecraft:husk":2,"minecraft:player":1,"minecraft:skeleton":1},"minecraft:mined":{"minecraft:dark_oak_planks":1,"minecraft:attached_melon_stem":1,"luminousworld:yellowpetunias":1,"minecraft:acacia_log":11,"minecraft:grass_block":8,"minecraft:soul_soil":6,"minecraft:gilded_blackstone":2,"luminousworld:savanna_grass_2":65,"minecraft:spawner":7,"minecraft:polished_blackstone_bricks":5,"minecraft:magma_block":1,"minecraft:glowstone":26,"minecraft:cobbled_deepslate":32,"minecraft:fire":10,"minecraft:cave_vines":1,"minecraft:potted_cornflower":1,"minecraft:blackstone":27,"luminousworld:tall_deadbush":8,"minecraft:melon_stem":9,"minecraft:clay":4,"minecraft:torch":3,"minecraft:calcite":6,"minecraft:poppy":1,"minecraft:cobblestone":39,"minecraft:sugar_cane":14,"minecraft:wall_torch":2,"minecraft:seagrass":1,"minecraft:wheat":597,"minecraft:light_gray_wool":3,"minecraft:tnt":2,"minecraft:stone_brick_stairs":1,"minecraft:grass":68,"minecraft:oak_log":2,"minecraft:acacia_fence":1,"minecraft:dirt":2,"luminousworld:grassvariant_3":3,"minecraft:tripwire_hook":2,"minecraft:netherrack":398,"luminousworld:savannah_grass_4":62,"minecraft:piston":1,"minecraft:oak_leaves":20,"minecraft:deepslate":182,"luminousworld:savannah_ground":36,"minecraft:nether_gold_ore":1,"minecraft:yellow_terracotta":2,"minecraft:crying_obsidian":1,"minecraft:tuff":12,"minecraft:quartz_stairs":1,"minecraft:deepslate_diamond_ore":40,"luminousworld:grassvariant_4":2,"minecraft:crimson_roots":1,"minecraft:redstone_wire":5,"luminousworld:grassvariant_2":5,"luminousworld:clovers_2":1,"minecraft:birch_slab":1,"minecraft:hay_block":8,"quark:acacia_ladder":3,"minecraft:cobblestone_slab":1,"minecraft:stone":254,"luminousworld:savannah_soil":111,"minecraft:acacia_leaves":4,"minecraft:scaffolding":2,"minecraft:redstone_block":1,"supplementaries:ashen_basalt":4,"minecraft:basalt":147,"minecraft:stone_brick_slab":3,"minecraft:red_banner":1,"minecraft:dandelion":2,"minecraft:oak_fence":1,"minecraft:crafting_table":1,"luminousworld:savannah_grass_1":63,"minecraft:andesite_slab":1,"minecraft:campfire":4,"luminousworld:grassflowers":2,"minecraft:potted_oxeye_daisy":1,"minecraft:tall_grass":35,"minecraft:red_terracotta":2,"minecraft:yellow_bed":1,"minecraft:coal_ore":3,"luminousworld:ishstone":1,"minecraft:gray_carpet":1,"minecraft:cracked_stone_bricks":3,"minecraft:acacia_planks":3,"minecraft:stone_bricks":3,"minecraft:mossy_stone_bricks":1,"luminousworld:elephant_grass":25,"minecraft:fern":4},"minecraft:used":{"minecraft:poppy":1,"minecraft:iron_sword":5,"luminousworld:savannah_ground":16,"minecraft:rotten_flesh":4,"minecraft:mutton":1,"minecraft:obsidian":1,"born_in_chaos_v1:corpse_maggot":12,"alexsmobs:lobster_tail":1,"luminousworld:elephant_grass":3,"minecraft:item_frame":1,"minecraft:scaffolding":3,"minecraft:oak_sapling":1,"minecraft:acacia_fence":1,"minecraft:potato":17,"minecraft:mossy_stone_bricks":6,"minecraft:blackstone":5,"naturalist:duck_egg":1,"minecraft:cookie":4,"minecraft:yellow_terracotta":2,"earthmobsmod:duck_egg":1,"minecraft:birch_slab":3,"minecraft:bread":91,"minecraft:stone_button":1,"minecraft:red_terracotta":2,"minecraft:andesite":1,"minecraft:flint_and_steel":1,"minecraft:armor_stand":5,"luminousworld:tall_deadbush":1,"vanillaplustools:stone_hammer":6,"minecraft:netherrack":94,"minecraft:cooked_chicken":2,"minecraft:torch":2,"minecraft:dirt":10,"minecraft:stone_brick_slab":6,"stalwart_dungeons:diamond_hammer":2600,"minecraft:light_gray_wool":3,"minecraft:basalt":110,"quark:acacia_ladder":1,"minecraft:beef":5,"luminousworld:savannah_soil":84,"minecraft:cobbled_deepslate":135,"minecraft:acacia_planks":3,"naturalist:bass":2,"minecraft:wheat_seeds":11,"minecraft:cooked_mutton":6,"luminousworld:ishstone":1,"minecraft:salmon":1,"minecraft:crafting_table":2,"quark:acacia_chest":1,"minecraft:cod":4,"minecraft:cake":2,"minecraft:book":1,"minecraft:oak_log":1,"minecraft:acacia_stairs":3,"minecraft:apple":2,"minecraft:chicken":9,"minecraft:iron_pickaxe":58,"alexsmobs:kangaroo_meat":1,"minecraft:cobblestone":334,"minecraft:porkchop":6,"minecraft:cooked_porkchop":2,"minecraft:red_banner":1,"minecraft:pumpkin_pie":1,"minecraft:yellow_bed":1,"quark:oak_chest":1,"minecraft:purple_carpet":1,"minecraft:splash_potion":1},"minecraft:crafted":{"minecraft:smooth_stone":3,"minecraft:oak_planks":12,"iceandfire:tide_deepblue_chestplate":1,"minecraft:stone":4,"quark:acacia_ladder":4,"minecraft:cooked_mutton":12,"minecraft:diamond_helmet":1,"minecraft:diamond_leggings":1,"minecraft:cooked_porkchop":3,"minecraft:crafting_table":1,"iceandfire:tide_deepblue_leggings":1,"minecraft:stick":28,"quark:oak_chest":1,"minecraft:iron_pickaxe":1,"minecraft:iron_ingot":13,"iceandfire:sea_serpent_scale_block_deepblue":1,"iceandfire:tide_deepblue_boots":1,"stalwart_dungeons:diamond_hammer":2,"quark:acacia_chest":1,"minecraft:diamond_boots":1,"iceandfire:tide_deepblue_helmet":1,"minecraft:wheat":72,"iceandfire:sea_serpent_scales_deepblue":9,"minecraft:iron_sword":1,"minecraft:acacia_stairs":4,"minecraft:bread":143,"minecraft:acacia_planks":44,"minecraft:diamond_chestplate":1},"minecraft:broken":{"stalwart_dungeons:diamond_hammer":1},"minecraft:custom":{"minecraft:interact_with_crafting_table":54,"minecraft:open_barrel":17,"minecraft:eat_cake_slice":6,"minecraft:leave_game":9,"minecraft:time_since_death":13201,"minecraft:sprint_one_cm":1331821,"minecraft:drop":914,"minecraft:play_noteblock":4,"minecraft:talked_to_villager":6,"minecraft:play_time":384266,"minecraft:deaths":26,"minecraft:jump":7878,"minecraft:walk_on_water_one_cm":68839,"minecraft:enchant_item":10,"minecraft:interact_with_furnace":37,"minecraft:sleep_in_bed":3,"minecraft:damage_dealt":25571,"minecraft:player_kills":2,"minecraft:crouch_one_cm":8168,"tombstone:undead_killed":40,"tombstone:villager_killed":2,"minecraft:interact_with_anvil":1,"minecraft:mob_kills":109,"minecraft:damage_dealt_resisted":586,"minecraft:climb_one_cm":15616,"minecraft:walk_one_cm":840362,"minecraft:sneak_time":2706,"minecraft:walk_under_water_one_cm":31435,"minecraft:total_world_time":384266,"minecraft:tune_noteblock":2,"minecraft:time_since_rest":12707,"minecraft:damage_taken":14206,"minecraft:swim_one_cm":285709,"minecraft:fly_one_cm":1283648,"minecraft:open_chest":201,"minecraft:fall_one_cm":270123},"minecraft:picked_up":{"minecraft:wooden_axe":1,"minecraft:iron_chestplate":2,"minecraft:wheat":491,"minecraft:redstone_block":1,"minecraft:chainmail_boots":1,"minecraft:flower_pot":2,"minecraft:gilded_blackstone":2,"minecraft:stone_brick_stairs":8,"minecraft:golden_sword":1,"born_in_chaos_v1:black_argillite":1,"minecraft:soul_soil":5,"minecraft:dark_oak_trapdoor":2,"minecraft:raw_copper":7,"minecraft:iron_leggings":1,"minecraft:armor_stand":7,"minecraft:experience_bottle":3,"alexsmobs:emu_feather":2,"minecraft:diamond_leggings":3,"minecraft:cobbled_deepslate":1025,"minecraft:gold_nugget":151,"earthmobsmod:duck_egg":1,"minecraft:cobblestone_slab":1,"minecraft:calcite":6,"minecraft:enchanted_golden_apple":3,"minecraft:iron_boots":1,"minecraft:stick":1,"born_in_chaos_v1:shattered_skull":1,"minecraft:acacia_fence":1,"minecraft:oak_fence":1,"born_in_chaos_v1:phantom_powder":2,"minecraft:torch":2,"minecraft:acacia_log":11,"minecraft:porkchop":10,"luminousworld:savannah_soil":101,"tombstone:grave_dust":9,"minecraft:diorite":4,"born_in_chaos_v1:nightmare_claw":1,"minecraft:golden_chestplate":1,"luminousworld:grassflowers":2,"minecraft:stone_sword":1,"minecraft:rotten_flesh":30,"luminousworld:yellow_grassflowers":1,"supplementaries:ash":6,"luminousworld:tall_deadbush":5,"minecraft:snowball":4,"minecraft:obsidian":1,"minecraft:cod":2,"alexsmobs:lobster_tail":1,"minecraft:cobblestone":326,"luminousworld:savannah_ground":48,"minecraft:feather":8,"minecraft:birch_slab":3,"minecraft:andesite":4,"minecraft:potato":9,"minecraft:tuff":78,"minecraft:lapis_lazuli":62,"minecraft:dirt":10,"minecraft:purple_carpet":1,"minecraft:bone":20,"minecraft:acacia_planks":23,"minecraft:bow":10,"minecraft:wheat_seeds":1250,"luminousworld:elephant_grass":21,"minecraft:mossy_stone_bricks":6,"minecraft:diamond_helmet":2,"minecraft:glowstone_dust":62,"minecraft:cooked_porkchop":4,"minecraft:red_terracotta":2,"naturalist:duck_egg":1,"minecraft:bundle":2,"minecraft:diamond":38,"luminousworld:yellowpetunias":2,"minecraft:golden_apple":2,"minecraft:emerald":1,"minecraft:bread":27,"minecraft:oak_sapling":1,"minecraft:netherrack":302,"minecraft:andesite_slab":1,"iceandfire:raw_silver":1,"minecraft:charcoal":8,"luminousworld:groundpebbles_1":2,"minecraft:crafting_table":1,"minecraft:chicken":9,"iceandfire:witherbone":1,"minecraft:ladder":1,"minecraft:clay_ball":16,"born_in_chaos_v1:seedof_chaos":2,"minecraft:cornflower":2,"minecraft:iron_axe":1,"minecraft:wooden_sword":1,"minecraft:item_frame":10,"minecraft:blackstone":26,"minecraft:cracked_stone_bricks":8,"minecraft:beef":5,"minecraft:player_head":1,"minecraft:poppy":3,"minecraft:light_gray_wool":4,"minecraft:quartz_stairs":1,"minecraft:sugar_cane":12,"minecraft:piston":1,"iceandfire:dragonbone":1,"minecraft:polished_blackstone_bricks":5,"minecraft:stone_button":1,"minecraft:cookie":7,"minecraft:mangrove_sign":1,"born_in_chaos_v1:pieceofdarkmetal":2,"minecraft:redstone":14,"minecraft:dark_oak_planks":1,"minecraft:tnt":2,"minecraft:arrow":23,"minecraft:diamond_chestplate":3,"minecraft:pumpkin_pie":8,"minecraft:diamond_boots":2,"minecraft:hay_block":8,"minecraft:yellow_terracotta":2,"minecraft:gold_ingot":2,"sophisticatedbackpacks:copper_backpack":3,"quark:acacia_ladder":3,"minecraft:mutton":13,"alexsmobs:kangaroo_meat":7,"minecraft:white_wool":7,"minecraft:oxeye_daisy":1,"born_in_chaos_v1:fused_bone":1,"born_in_chaos_v1:corpse_maggot":12,"minecraft:basalt":135,"minecraft:tripwire_hook":2,"minecraft:salmon":2,"luminousworld:ishstone":14,"minecraft:leather":9,"minecraft:birch_planks":4,"minecraft:golden_boots":1,"stalwart_dungeons:diamond_hammer":8,"minecraft:oak_log":4,"minecraft:chainmail_chestplate":1,"iceandfire:ectoplasm":2,"minecraft:yellow_bed":1,"minecraft:cooked_mutton":2,"naturalist:bass":2,"minecraft:apple":2,"minecraft:stone_bricks":12,"minecraft:iron_ingot":17,"minecraft:cooked_chicken":2,"minecraft:stripped_oak_wood":1,"iceandfire:sea_serpent_scales_deepblue":8,"minecraft:iron_sword":1,"minecraft:dark_oak_stairs":2,"minecraft:book":4,"minecraft:scaffolding":2,"minecraft:stone_brick_slab":11,"iceandfire:ash":3,"born_in_chaos_v1:ethereal_spirit":4,"minecraft:red_banner":2,"mowziesmobs:naga_fang":1,"minecraft:iron_helmet":2,"minecraft:painting":1,"tombstone:magic_scroll":1,"minecraft:melon_seeds":7,"minecraft:coal":5},"minecraft:dropped":{"minecraft:acacia_wood":7,"iceandfire:raw_silver":1,"minecraft:piston":1,"minecraft:birch_planks":4,"minecraft:dark_oak_stairs":2,"luminousworld:yellowpetunias":2,"minecraft:diamond":44,"minecraft:cookie":2,"minecraft:leather":4,"iceandfire:ectoplasm":1,"minecraft:cracked_stone_bricks":8,"born_in_chaos_v1:pieceofdarkmetal":2,"minecraft:item_frame":9,"born_in_chaos_v1:phantom_powder":1,"minecraft:cornflower":2,"minecraft:dark_oak_trapdoor":2,"minecraft:gold_nugget":128,"iceandfire:ash":3,"minecraft:stripped_oak_wood":1,"minecraft:dark_oak_planks":1,"minecraft:white_wool":7,"minecraft:bone":10,"minecraft:gold_ingot":1,"minecraft:armor_stand":1,"minecraft:sugar_cane":12,"minecraft:golden_chestplate":1,"minecraft:cobbled_deepslate":544,"minecraft:andesite_slab":1,"minecraft:wheat":11,"iceandfire:sea_serpent_scales_deepblue":8,"minecraft:obsidian":4,"tombstone:gift":3,"born_in_chaos_v1:ethereal_spirit":3,"minecraft:rotten_flesh":26,"luminousworld:tall_deadbush":4,"minecraft:cooked_mutton":1,"luminousworld:savannah_soil":2,"minecraft:acacia_stairs":1,"minecraft:mangrove_sign":1,"minecraft:chainmail_chestplate":1,"stalwart_dungeons:diamond_hammer":7,"minecraft:poppy":2,"supplementaries:ash":6,"luminousworld:grassflowers":2,"born_in_chaos_v1:seedof_chaos":2,"minecraft:charcoal":8,"minecraft:melon_seeds":7,"minecraft:ladder":1,"minecraft:chainmail_boots":1,"minecraft:painting":1,"minecraft:arrow":17,"minecraft:stone_brick_stairs":8,"minecraft:iron_ingot":29,"minecraft:bread":53,"born_in_chaos_v1:shattered_skull":1,"minecraft:wheat_seeds":1254,"luminousworld:ishstone":13,"minecraft:feather":8,"minecraft:oak_fence":1,"minecraft:iron_helmet":1,"minecraft:cobblestone":3,"minecraft:book":3,"minecraft:coal":3,"minecraft:stick":12,"minecraft:oxeye_daisy":1,"born_in_chaos_v1:black_argillite":1,"minecraft:diorite":4,"minecraft:iron_trapdoor":1,"tombstone:magic_scroll":1,"tombstone:grave_key":1,"luminousworld:savannah_ground":32,"tombstone:grave_dust":5,"minecraft:iron_leggings":1,"minecraft:iron_axe":1,"minecraft:smooth_stone":1,"minecraft:tripwire_hook":2,"minecraft:acacia_planks":2,"minecraft:redstone":5,"minecraft:redstone_block":1,"minecraft:stone_brick_slab":5,"iceandfire:dragonbone":1,"minecraft:tuff":58,"iceandfire:witherbone":1,"minecraft:red_banner":1,"minecraft:clay_ball":16,"minecraft:iron_boots":1,"luminousworld:yellow_grassflowers":1,"minecraft:cobblestone_slab":1,"minecraft:potato":1,"minecraft:flower_pot":2,"minecraft:iron_chestplate":2,"luminousworld:groundpebbles_1":2,"minecraft:andesite":65,"minecraft:quartz_stairs":1,"minecraft:golden_sword":1,"minecraft:stone_bricks":13,"luminousworld:elephant_grass":18,"sophisticatedbackpacks:copper_backpack":2,"minecraft:bow":6,"minecraft:calcite":6}},"DataVersion":3465}