{"stats":{"minecraft:killed":{"earthmobsmod:duck":1,"born_in_chaos_v1:zombie_lumberjack":1,"minecraft:spider":1,"born_in_chaos_v1:scarlet_persecutor":2,"minecraft:skeleton":7,"minecraft:bee":1,"alexsmobs:straddler":1,"alexsmobs:kangaroo":1,"minecraft:parrot":1,"born_in_chaos_v1:bone_imp":1,"alexsmobs:seal":1,"minecraft:iron_golem":1,"aether:sheepuff":1,"iceandfire:cockatrice":1,"minecraft:sheep":9,"luminousworld:savannah_skeleton":8,"minecraft:zombie":3,"born_in_chaos_v1:corpse_fly":10,"enemyexpansion:botfly":7,"undead_revamp2:theskeeper":1,"bettermobs:capivara":1,"iceandfire:pixie":1,"born_in_chaos_v1:door_knight":1,"luminousworld:zebra":1,"enemyexpansion:wasp":1,"minecraft:cow":2,"mowziesmobs:naga":1,"minecraft:vex":3,"aether:mimic":1,"luminousworld:swallowtail":1,"enemyexpansion:direwolf":1,"born_in_chaos_v1:zombie_bruiser":1,"born_in_chaos_v1:maggot":2,"minecraft:horse":3,"naturalist:bass":2,"aether:valkyrie":5,"undead_revamp2:sucker":2,"born_in_chaos_v1:spirit_guide":1,"minecraft:husk":6,"born_in_chaos_v1:baby_skeleton":2,"aether:cockatrice":1,"earthmobsmod:skeleton_wolf":2,"undead_revamp2:the_moonflower":2,"enemyexpansion:sprinter":2,"aether:flying_cow":1,"born_in_chaos_v1:decrepit_skeleton":1,"alexsmobs:emu":1,"born_in_chaos_v1:phantom_creeper_copy":1,"iceandfire:ghost":2,"creeperoverhaul:ocean_creeper":1,"alexsmobs:gazelle":1,"born_in_chaos_v1:nightmare_stalker":1,"naturalist:lizard":1,"minecraft:villager":2},"minecraft:killed_by":{"minecraft:wither_skeleton":3,"born_in_chaos_v1:nightmare_stalker":1,"aether:valkyrie":2,"minecraft:vindicator":1,"alexsmobs:crocodile":1,"born_in_chaos_v1:scarlet_persecutor":1,"undead_revamp2:theheavy":1,"iceandfire:fire_dragon":2,"minecraft:husk":2,"minecraft:player":1,"aether:slider":1,"minecraft:skeleton":1},"minecraft:mined":{"minecraft:attached_melon_stem":1,"aether:cold_aercloud":1,"luminousworld:yellowpetunias":1,"minecraft:acacia_log":11,"minecraft:grass_block":8,"minecraft:soul_soil":6,"luminousworld:savanna_grass_2":65,"minecraft:gilded_blackstone":2,"minecraft:spawner":7,"minecraft:polished_blackstone_bricks":5,"minecraft:magma_block":1,"minecraft:glowstone":27,"minecraft:fire":12,"minecraft:cobbled_deepslate":32,"minecraft:cave_vines":1,"aether:carved_stone":2,"minecraft:potted_cornflower":1,"aether:holystone":136,"minecraft:blackstone":29,"luminousworld:tall_deadbush":8,"minecraft:melon_stem":9,"minecraft:clay":4,"minecraft:torch":3,"aether:icestone":14,"minecraft:calcite":6,"minecraft:poppy":1,"minecraft:nether_quartz_ore":12,"minecraft:cobblestone":39,"minecraft:sugar_cane":14,"minecraft:wall_torch":2,"minecraft:seagrass":1,"minecraft:wheat":597,"aether:aether_grass_block":28,"minecraft:tnt":2,"minecraft:light_gray_wool":3,"minecraft:stone_brick_stairs":1,"minecraft:grass":70,"minecraft:oak_log":2,"minecraft:acacia_fence":1,"minecraft:dirt":2,"luminousworld:grassvariant_3":3,"minecraft:tripwire_hook":2,"aether:ambrosium_ore":25,"minecraft:ancient_debris":2,"minecraft:netherrack":1012,"luminousworld:savannah_grass_4":62,"minecraft:piston":1,"minecraft:oak_leaves":20,"minecraft:deepslate":182,"luminousworld:savannah_ground":36,"minecraft:yellow_terracotta":2,"minecraft:nether_gold_ore":1,"minecraft:crying_obsidian":1,"minecraft:tuff":12,"minecraft:quartz_stairs":1,"luminousworld:grassvariant_4":2,"minecraft:deepslate_diamond_ore":40,"minecraft:crimson_roots":1,"minecraft:redstone_wire":5,"luminousworld:grassvariant_2":5,"luminousworld:clovers_2":1,"minecraft:birch_slab":1,"minecraft:hay_block":8,"aether:aether_dirt":77,"quark:acacia_ladder":3,"aether:skyroot_log":2,"minecraft:cobblestone_slab":1,"minecraft:stone":254,"aether:gravitite_ore":4,"luminousworld:savannah_soil":111,"minecraft:acacia_leaves":4,"minecraft:scaffolding":2,"minecraft:redstone_block":1,"aether:zanite_ore":8,"minecraft:dandelion":3,"supplementaries:ashen_basalt":4,"minecraft:basalt":149,"minecraft:stone_brick_slab":3,"minecraft:red_banner":1,"minecraft:oak_fence":1,"minecraft:crafting_table":1,"luminousworld:savannah_grass_1":63,"minecraft:andesite_slab":1,"minecraft:campfire":4,"luminousworld:grassflowers":2,"minecraft:potted_oxeye_daisy":1,"minecraft:tall_grass":36,"aether:skyroot_leaves":6,"minecraft:red_terracotta":2,"minecraft:yellow_bed":1,"minecraft:coal_ore":3,"luminousworld:ishstone":1,"minecraft:gravel":1,"minecraft:gray_carpet":1,"minecraft:cracked_stone_bricks":3,"minecraft:acacia_planks":7,"minecraft:stone_bricks":3,"luminousworld:elephant_grass":25,"minecraft:mossy_stone_bricks":1,"minecraft:fern":4,"minecraft:dark_oak_planks":1},"minecraft:used":{"minecraft:poppy":1,"minecraft:iron_sword":5,"luminousworld:savannah_ground":16,"minecraft:rotten_flesh":4,"minecraft:mutton":2,"minecraft:obsidian":1,"born_in_chaos_v1:corpse_maggot":12,"alexsmobs:lobster_tail":1,"luminousworld:elephant_grass":3,"minecraft:item_frame":1,"minecraft:scaffolding":3,"minecraft:oak_sapling":1,"minecraft:acacia_fence":1,"minecraft:potato":17,"minecraft:mossy_stone_bricks":6,"minecraft:blackstone":5,"naturalist:duck_egg":1,"minecraft:cookie":9,"minecraft:yellow_terracotta":2,"earthmobsmod:duck_egg":1,"minecraft:birch_slab":3,"minecraft:bread":106,"minecraft:stone_button":1,"minecraft:red_terracotta":2,"minecraft:andesite":1,"minecraft:flint_and_steel":3,"minecraft:armor_stand":5,"aether:cold_aercloud":1,"aether:aether_dirt":26,"luminousworld:tall_deadbush":1,"vanillaplustools:stone_hammer":6,"minecraft:cooked_chicken":2,"minecraft:netherrack":189,"minecraft:torch":2,"minecraft:dirt":10,"minecraft:stone_brick_slab":6,"stalwart_dungeons:diamond_hammer":3893,"aether:zanite_pickaxe":92,"minecraft:light_gray_wool":3,"minecraft:basalt":116,"minecraft:glowstone":15,"quark:acacia_ladder":1,"minecraft:beef":7,"luminousworld:savannah_soil":84,"minecraft:enchanted_golden_apple":9,"aether:holystone":50,"minecraft:cobbled_deepslate":135,"minecraft:acacia_planks":3,"naturalist:bass":2,"minecraft:wheat_seeds":11,"minecraft:cooked_mutton":6,"minecraft:water_bucket":1,"luminousworld:ishstone":1,"minecraft:salmon":1,"minecraft:crafting_table":3,"quark:acacia_chest":1,"minecraft:cod":4,"minecraft:cake":2,"minecraft:book":1,"minecraft:oak_log":1,"minecraft:acacia_stairs":3,"minecraft:apple":2,"minecraft:chicken":9,"minecraft:iron_pickaxe":58,"alexsmobs:kangaroo_meat":1,"aether:zanite_axe":15,"minecraft:cobblestone":334,"minecraft:porkchop":6,"minecraft:cooked_porkchop":2,"minecraft:bucket":1,"minecraft:red_banner":1,"minecraft:pumpkin_pie":16,"minecraft:yellow_bed":1,"quark:oak_chest":1,"minecraft:purple_carpet":1,"minecraft:splash_potion":1},"minecraft:crafted":{"minecraft:smooth_stone":3,"minecraft:oak_planks":12,"iceandfire:tide_deepblue_chestplate":1,"minecraft:stone":4,"aether:skyroot_stick":4,"minecraft:cooked_mutton":12,"quark:acacia_ladder":4,"aether:zanite_pickaxe":1,"minecraft:diamond_helmet":1,"minecraft:diamond_leggings":1,"minecraft:cooked_porkchop":3,"minecraft:crafting_table":2,"iceandfire:tide_deepblue_leggings":1,"minecraft:stick":28,"quark:oak_chest":1,"minecraft:iron_ingot":13,"minecraft:iron_pickaxe":1,"iceandfire:sea_serpent_scale_block_deepblue":1,"iceandfire:tide_deepblue_boots":1,"aether:enchanted_gravitite":2,"stalwart_dungeons:diamond_hammer":2,"quark:acacia_chest":1,"minecraft:diamond_boots":1,"iceandfire:tide_deepblue_helmet":1,"aether:skyroot_planks":8,"minecraft:wheat":72,"iceandfire:sea_serpent_scales_deepblue":9,"minecraft:iron_sword":1,"minecraft:acacia_stairs":4,"minecraft:glowstone":15,"minecraft:bread":143,"minecraft:acacia_planks":44,"minecraft:diamond_chestplate":1},"minecraft:broken":{"stalwart_dungeons:diamond_hammer":1},"minecraft:custom":{"minecraft:interact_with_crafting_table":67,"minecraft:open_barrel":17,"minecraft:eat_cake_slice":6,"minecraft:leave_game":12,"minecraft:time_since_death":12389,"minecraft:damage_resisted":427,"minecraft:sprint_one_cm":1637096,"minecraft:drop":1679,"minecraft:play_noteblock":4,"minecraft:talked_to_villager":6,"minecraft:play_time":484568,"minecraft:deaths":32,"minecraft:jump":9440,"minecraft:walk_on_water_one_cm":71815,"minecraft:enchant_item":10,"minecraft:interact_with_furnace":39,"minecraft:sleep_in_bed":3,"minecraft:damage_dealt":35877,"minecraft:player_kills":2,"minecraft:crouch_one_cm":10886,"tombstone:undead_killed":43,"tombstone:villager_killed":2,"minecraft:interact_with_anvil":8,"minecraft:mob_kills":123,"minecraft:damage_dealt_resisted":586,"minecraft:climb_one_cm":15616,"minecraft:walk_one_cm":1099013,"minecraft:sneak_time":3351,"minecraft:walk_under_water_one_cm":39320,"minecraft:total_world_time":484568,"minecraft:tune_noteblock":2,"minecraft:time_since_rest":12127,"minecraft:damage_absorbed":428,"minecraft:damage_taken":26227,"minecraft:swim_one_cm":293784,"minecraft:fly_one_cm":1509828,"minecraft:open_chest":224,"minecraft:fall_one_cm":399447},"minecraft:picked_up":{"minecraft:wooden_axe":1,"aether:carved_stone":9,"minecraft:iron_chestplate":2,"minecraft:wheat":491,"minecraft:redstone_block":1,"minecraft:chainmail_boots":1,"minecraft:flower_pot":2,"minecraft:gilded_blackstone":2,"minecraft:stone_brick_stairs":8,"minecraft:golden_sword":1,"born_in_chaos_v1:black_argillite":1,"minecraft:dark_oak_trapdoor":2,"minecraft:soul_soil":5,"minecraft:raw_copper":7,"minecraft:iron_leggings":1,"minecraft:armor_stand":7,"minecraft:experience_bottle":3,"quark:music_disc_ocean":1,"alexsmobs:emu_feather":2,"minecraft:diamond_leggings":3,"minecraft:gold_nugget":151,"minecraft:cobbled_deepslate":1025,"earthmobsmod:duck_egg":1,"minecraft:cobblestone_slab":1,"minecraft:calcite":6,"minecraft:enchanted_golden_apple":14,"minecraft:iron_boots":1,"minecraft:stick":1,"born_in_chaos_v1:shattered_skull":1,"minecraft:acacia_fence":1,"minecraft:oak_fence":1,"born_in_chaos_v1:phantom_powder":2,"minecraft:torch":2,"minecraft:acacia_log":11,"luminousworld:savannah_soil":101,"minecraft:porkchop":10,"tombstone:grave_dust":9,"minecraft:diorite":4,"born_in_chaos_v1:nightmare_claw":1,"minecraft:golden_chestplate":1,"luminousworld:grassflowers":2,"minecraft:stone_sword":1,"minecraft:rotten_flesh":30,"luminousworld:yellow_grassflowers":1,"luminousworld:tall_deadbush":5,"supplementaries:ash":7,"aether:iron_ring":1,"aether:gravitite_ore":6,"minecraft:obsidian":1,"minecraft:cod":2,"minecraft:snowball":4,"alexsmobs:lobster_tail":1,"minecraft:cobblestone":333,"luminousworld:savannah_ground":48,"minecraft:feather":8,"minecraft:birch_slab":3,"minecraft:andesite":4,"minecraft:potato":9,"minecraft:tuff":78,"minecraft:lapis_lazuli":62,"minecraft:dirt":10,"aether:icestone":14,"minecraft:purple_carpet":1,"minecraft:bone":22,"minecraft:acacia_planks":27,"minecraft:bow":10,"minecraft:wheat_seeds":1250,"aether:holystone":223,"luminousworld:elephant_grass":21,"aether:cold_aercloud":1,"minecraft:mossy_stone_bricks":6,"minecraft:diamond_helmet":2,"minecraft:glowstone_dust":65,"minecraft:cooked_porkchop":4,"aether:zanite_gemstone":8,"minecraft:red_terracotta":2,"naturalist:duck_egg":1,"minecraft:bundle":2,"minecraft:diamond":41,"luminousworld:yellowpetunias":2,"aether:ambrosium_shard":25,"minecraft:golden_apple":2,"minecraft:emerald":1,"minecraft:bread":27,"minecraft:oak_sapling":1,"minecraft:netherrack":2041,"minecraft:andesite_slab":1,"iceandfire:raw_silver":1,"luminousworld:groundpebbles_1":2,"minecraft:charcoal":8,"minecraft:crafting_table":1,"minecraft:chicken":9,"iceandfire:witherbone":1,"minecraft:ladder":1,"minecraft:clay_ball":16,"born_in_chaos_v1:seedof_chaos":2,"aether:aether_dirt":117,"minecraft:cornflower":2,"aether:lightning_knife":1,"minecraft:iron_axe":1,"minecraft:wooden_sword":1,"minecraft:item_frame":10,"minecraft:blackstone":30,"minecraft:cracked_stone_bricks":8,"minecraft:beef":7,"minecraft:player_head":1,"minecraft:poppy":3,"minecraft:light_gray_wool":4,"minecraft:quartz_stairs":1,"minecraft:sugar_cane":12,"minecraft:chest":5,"minecraft:piston":1,"iceandfire:dragonbone":1,"minecraft:polished_blackstone_bricks":5,"minecraft:stone_button":1,"minecraft:cookie":12,"minecraft:mangrove_sign":1,"born_in_chaos_v1:pieceofdarkmetal":2,"minecraft:redstone":14,"minecraft:dark_oak_planks":1,"minecraft:tnt":2,"aether:skyroot_log":2,"minecraft:arrow":23,"minecraft:diamond_chestplate":3,"minecraft:pumpkin_pie":16,"minecraft:diamond_boots":2,"minecraft:hay_block":8,"minecraft:yellow_terracotta":2,"minecraft:gold_ingot":2,"sophisticatedbackpacks:copper_backpack":3,"minecraft:mutton":14,"quark:acacia_ladder":3,"alexsmobs:kangaroo_meat":7,"minecraft:white_wool":8,"minecraft:oxeye_daisy":1,"born_in_chaos_v1:fused_bone":1,"born_in_chaos_v1:corpse_maggot":12,"minecraft:basalt":174,"minecraft:tripwire_hook":2,"minecraft:salmon":2,"luminousworld:ishstone":14,"minecraft:leather":9,"minecraft:birch_planks":4,"stalwart_dungeons:diamond_hammer":13,"minecraft:oak_log":4,"minecraft:chainmail_chestplate":1,"minecraft:ancient_debris":3,"iceandfire:ectoplasm":2,"minecraft:golden_boots":1,"minecraft:yellow_bed":1,"minecraft:cooked_mutton":2,"naturalist:bass":2,"minecraft:apple":2,"minecraft:stone_bricks":12,"minecraft:iron_ingot":17,"minecraft:cooked_chicken":2,"aether:victory_medal":5,"minecraft:stripped_oak_wood":1,"iceandfire:sea_serpent_scales_deepblue":8,"minecraft:iron_sword":1,"minecraft:dark_oak_stairs":2,"minecraft:book":4,"minecraft:scaffolding":2,"born_in_chaos_v1:ethereal_spirit":4,"minecraft:stone_brick_slab":11,"iceandfire:ash":3,"minecraft:quartz":61,"minecraft:red_banner":2,"minecraft:spruce_log":1,"mowziesmobs:naga_fang":1,"minecraft:iron_helmet":3,"minecraft:painting":1,"tombstone:magic_scroll":1,"minecraft:melon_seeds":7,"minecraft:coal":5},"minecraft:dropped":{"iceandfire:raw_silver":1,"minecraft:acacia_wood":7,"minecraft:piston":1,"minecraft:birch_planks":4,"minecraft:dark_oak_stairs":2,"luminousworld:yellowpetunias":2,"minecraft:diamond":44,"minecraft:cookie":2,"minecraft:leather":4,"iceandfire:ectoplasm":1,"minecraft:cracked_stone_bricks":8,"born_in_chaos_v1:pieceofdarkmetal":2,"aether:victory_medal":5,"minecraft:item_frame":9,"born_in_chaos_v1:phantom_powder":1,"minecraft:cornflower":2,"minecraft:dark_oak_trapdoor":2,"minecraft:gold_nugget":128,"minecraft:gilded_blackstone":2,"iceandfire:ash":3,"minecraft:polished_blackstone_bricks":3,"minecraft:stripped_oak_wood":1,"minecraft:dark_oak_planks":1,"minecraft:white_wool":7,"minecraft:armor_stand":1,"minecraft:gold_ingot":1,"minecraft:bone":13,"minecraft:blackstone":24,"minecraft:sugar_cane":12,"minecraft:golden_chestplate":1,"minecraft:cobbled_deepslate":544,"minecraft:andesite_slab":1,"minecraft:wheat":11,"iceandfire:sea_serpent_scales_deepblue":8,"minecraft:obsidian":4,"born_in_chaos_v1:ethereal_spirit":3,"tombstone:gift":3,"minecraft:rotten_flesh":26,"luminousworld:tall_deadbush":4,"minecraft:enchanted_golden_apple":64,"minecraft:cooked_mutton":1,"luminousworld:savannah_soil":2,"minecraft:acacia_stairs":1,"minecraft:mangrove_sign":1,"minecraft:chainmail_chestplate":1,"stalwart_dungeons:diamond_hammer":9,"minecraft:poppy":2,"supplementaries:ash":6,"luminousworld:grassflowers":2,"born_in_chaos_v1:seedof_chaos":2,"minecraft:charcoal":8,"minecraft:melon_seeds":7,"minecraft:chainmail_boots":1,"minecraft:ladder":1,"minecraft:painting":1,"minecraft:basalt":58,"minecraft:arrow":19,"minecraft:quartz":64,"minecraft:stone_brick_stairs":8,"minecraft:netherrack":1696,"minecraft:iron_ingot":29,"minecraft:bread":53,"born_in_chaos_v1:shattered_skull":1,"minecraft:wheat_seeds":1254,"luminousworld:ishstone":13,"minecraft:iron_helmet":1,"minecraft:oak_fence":1,"minecraft:feather":8,"minecraft:cobblestone":3,"minecraft:book":3,"minecraft:coal":5,"minecraft:stick":12,"minecraft:oxeye_daisy":1,"born_in_chaos_v1:black_argillite":1,"minecraft:diorite":4,"minecraft:iron_trapdoor":1,"tombstone:magic_scroll":1,"tombstone:grave_key":1,"luminousworld:savannah_ground":32,"tombstone:grave_dust":7,"minecraft:iron_leggings":1,"minecraft:iron_axe":1,"minecraft:smooth_stone":1,"minecraft:tripwire_hook":2,"minecraft:acacia_planks":2,"minecraft:redstone":5,"minecraft:redstone_block":1,"minecraft:stone_brick_slab":5,"iceandfire:dragonbone":1,"minecraft:tuff":58,"iceandfire:witherbone":1,"minecraft:red_banner":1,"minecraft:clay_ball":16,"minecraft:iron_boots":1,"luminousworld:yellow_grassflowers":1,"minecraft:potato":1,"minecraft:cobblestone_slab":1,"minecraft:flower_pot":2,"minecraft:iron_chestplate":2,"luminousworld:groundpebbles_1":2,"minecraft:andesite":65,"minecraft:quartz_stairs":1,"minecraft:golden_sword":1,"minecraft:stone_bricks":13,"luminousworld:elephant_grass":18,"sophisticatedbackpacks:copper_backpack":2,"minecraft:bow":7,"minecraft:calcite":6}},"DataVersion":3465}