{"stats":{"minecraft:mined":{"minecraft:attached_melon_stem":1,"aether:cold_aercloud":1,"luminousworld:yellowpetunias":1,"minecraft:granite":1,"minecraft:acacia_log":11,"minecraft:grass_block":12,"minecraft:soul_soil":6,"minecraft:spawner":7,"luminousworld:savanna_grass_2":76,"minecraft:gilded_blackstone":2,"minecraft:polished_blackstone_bricks":5,"minecraft:magma_block":1,"minecraft:glowstone":27,"minecraft:fire":15,"minecraft:cobbled_deepslate":32,"minecraft:cave_vines":1,"aether:carved_stone":2,"minecraft:potted_cornflower":1,"aether:holystone":136,"minecraft:quartz_block":4,"minecraft:blackstone":29,"luminousworld:tall_deadbush":8,"minecraft:kelp_plant":3,"minecraft:melon_stem":9,"minecraft:clay":4,"minecraft:torch":3,"aether:icestone":14,"minecraft:calcite":6,"minecraft:poppy":1,"minecraft:nether_quartz_ore":12,"minecraft:cobblestone":39,"minecraft:oak_planks":1,"minecraft:sugar_cane":14,"minecraft:wall_torch":2,"minecraft:seagrass":1,"iceandfire:crackled_stone":1,"minecraft:wheat":597,"aether:aether_grass_block":28,"minecraft:tnt":2,"minecraft:stone_brick_stairs":1,"minecraft:light_gray_wool":3,"minecraft:grass":123,"minecraft:oak_log":2,"minecraft:acacia_fence":1,"minecraft:dirt":13,"luminousworld:grassvariant_3":3,"minecraft:piston":1,"minecraft:deepslate":182,"minecraft:tripwire_hook":2,"luminousworld:savannah_ground":37,"aether:ambrosium_ore":25,"minecraft:ancient_debris":2,"minecraft:netherrack":1012,"luminousworld:savannah_grass_4":78,"minecraft:oak_leaves":22,"minecraft:yellow_terracotta":2,"minecraft:nether_gold_ore":1,"minecraft:crying_obsidian":1,"minecraft:tuff":12,"minecraft:quartz_stairs":1,"luminousworld:grassvariant_4":2,"minecraft:deepslate_diamond_ore":40,"minecraft:crimson_roots":1,"minecraft:redstone_wire":5,"luminousworld:grassvariant_2":5,"luminousworld:clovers_2":1,"iceandfire:chared_dirt":1,"minecraft:birch_slab":1,"minecraft:kelp":1,"minecraft:hay_block":8,"aether:aether_dirt":77,"quark:acacia_ladder":3,"aether:skyroot_log":2,"minecraft:cobblestone_slab":1,"aether:gravitite_ore":4,"minecraft:stone":255,"luminousworld:savannah_soil":112,"minecraft:acacia_leaves":4,"minecraft:scaffolding":2,"minecraft:redstone_block":1,"aether:zanite_ore":8,"minecraft:dandelion":3,"supplementaries:ashen_basalt":4,"minecraft:basalt":149,"minecraft:stone_brick_slab":3,"minecraft:red_banner":1,"minecraft:oak_fence":1,"minecraft:crafting_table":1,"luminousworld:savannah_grass_1":77,"minecraft:andesite_slab":1,"minecraft:campfire":4,"minecraft:tall_grass":44,"luminousworld:grassflowers":2,"minecraft:potted_oxeye_daisy":1,"aether:skyroot_leaves":6,"minecraft:red_terracotta":2,"minecraft:yellow_bed":1,"minecraft:coal_ore":3,"luminousworld:ishstone":1,"minecraft:gravel":1,"minecraft:gray_carpet":1,"minecraft:cracked_stone_bricks":3,"minecraft:acacia_planks":7,"minecraft:stone_bricks":3,"luminousworld:elephant_grass":27,"minecraft:mossy_stone_bricks":1,"minecraft:fern":14,"minecraft:dark_oak_planks":1},"minecraft:crafted":{"minecraft:smooth_stone":3,"minecraft:oak_planks":12,"iceandfire:tide_deepblue_chestplate":1,"minecraft:stone":4,"aether:skyroot_stick":4,"minecraft:cooked_mutton":12,"quark:acacia_ladder":4,"minecraft:diamond_helmet":1,"aether:zanite_pickaxe":1,"minecraft:diamond_leggings":1,"minecraft:cooked_rabbit":1,"minecraft:cooked_porkchop":7,"minecraft:crafting_table":2,"iceandfire:tide_deepblue_leggings":1,"minecraft:stick":28,"quark:oak_chest":1,"minecraft:iron_ingot":13,"minecraft:iron_pickaxe":1,"iceandfire:sea_serpent_scale_block_deepblue":1,"iceandfire:tide_deepblue_boots":1,"aether:enchanted_gravitite":2,"stalwart_dungeons:diamond_hammer":2,"quark:acacia_chest":1,"minecraft:diamond_boots":1,"minecraft:netherite_scrap":11,"iceandfire:tide_deepblue_helmet":1,"aether:skyroot_planks":8,"minecraft:wheat":72,"iceandfire:sea_serpent_scales_deepblue":9,"alexsmobs:cooked_kangaroo_meat":6,"minecraft:iron_sword":1,"minecraft:cooked_salmon":2,"minecraft:acacia_stairs":4,"minecraft:glowstone":15,"minecraft:bread":143,"minecraft:jungle_planks":16,"minecraft:acacia_planks":44,"minecraft:diamond_chestplate":1},"minecraft:picked_up":{"minecraft:wooden_axe":1,"aether:carved_stone":9,"minecraft:iron_chestplate":2,"minecraft:chainmail_boots":1,"minecraft:wheat":491,"minecraft:redstone_block":1,"minecraft:flower_pot":2,"illagerinvasion:platinum_chunk":3,"minecraft:prismarine_shard":2,"minecraft:enchanted_book":2,"minecraft:gilded_blackstone":2,"minecraft:stone_brick_stairs":8,"aether:ambrosium_torch":43,"minecraft:golden_sword":1,"born_in_chaos_v1:black_argillite":1,"minecraft:dark_oak_trapdoor":2,"minecraft:soul_soil":5,"minecraft:raw_copper":7,"minecraft:iron_leggings":1,"minecraft:armor_stand":7,"minecraft:experience_bottle":3,"quark:music_disc_ocean":1,"minecraft:diamond_leggings":3,"alexsmobs:emu_feather":2,"minecraft:gold_nugget":153,"minecraft:cobbled_deepslate":1025,"earthmobsmod:duck_egg":1,"minecraft:cobblestone_slab":1,"minecraft:calcite":6,"minecraft:enchanted_golden_apple":18,"iceandfire:dragonscales_red":25,"minecraft:iron_boots":1,"minecraft:stick":3,"born_in_chaos_v1:shattered_skull":1,"minecraft:acacia_fence":1,"minecraft:oak_fence":1,"minecraft:torch":2,"mowziesmobs:sol_visage":1,"born_in_chaos_v1:phantom_powder":2,"minecraft:acacia_log":11,"luminousworld:savannah_soil":101,"minecraft:porkchop":10,"iceandfire:crackled_gravel":4,"tombstone:grave_dust":11,"aether:lightning_sword":1,"minecraft:diorite":4,"born_in_chaos_v1:nightmare_claw":1,"minecraft:golden_chestplate":1,"minecraft:quartz_block":4,"luminousworld:grassflowers":2,"minecraft:stone_sword":1,"minecraft:rotten_flesh":32,"luminousworld:yellow_grassflowers":1,"born_in_chaos_v1:sea_terror_eye":2,"iceandfire:crackled_grass":1,"luminousworld:tall_deadbush":5,"supplementaries:ash":14,"aether:iron_ring":1,"aether:gravitite_ore":6,"minecraft:obsidian":1,"alexsmobs:lobster_tail":1,"minecraft:snowball":4,"minecraft:cod":2,"minecraft:cobblestone":335,"luminousworld:savannah_ground":49,"minecraft:feather":14,"minecraft:andesite":4,"minecraft:birch_slab":3,"minecraft:jungle_log":4,"minecraft:potato":9,"minecraft:flint":3,"minecraft:tuff":78,"minecraft:lapis_lazuli":62,"aether:icestone":14,"minecraft:dirt":30,"minecraft:purple_carpet":1,"minecraft:bone":23,"minecraft:acacia_planks":27,"minecraft:bow":10,"minecraft:wheat_seeds":1261,"aether:holystone":252,"luminousworld:elephant_grass":23,"aether:cold_aercloud":1,"minecraft:mossy_stone_bricks":6,"minecraft:diamond_helmet":2,"minecraft:glowstone_dust":129,"minecraft:oak_planks":2,"aether:zanite_helmet":1,"minecraft:cooked_porkchop":4,"aether:angelic_stone":2,"iceandfire:shiny_scales":2,"aether:zanite_gemstone":8,"minecraft:red_terracotta":2,"naturalist:duck_egg":1,"minecraft:mossy_cobblestone":13,"minecraft:bundle":2,"minecraft:diamond":41,"iceandfire:crackled_stone":1,"luminousworld:yellowpetunias":2,"aether:ambrosium_shard":129,"minecraft:granite":1,"minecraft:golden_apple":2,"minecraft:bread":27,"minecraft:emerald":4,"born_in_chaos_v1:rotten_fish":12,"minecraft:oak_sapling":1,"minecraft:netherrack":2041,"born_in_chaos_v1:sea_terror_stomach":1,"minecraft:andesite_slab":1,"iceandfire:raw_silver":1,"minecraft:charcoal":8,"luminousworld:groundpebbles_1":2,"minecraft:crafting_table":1,"minecraft:chicken":9,"iceandfire:witherbone":1,"minecraft:ladder":1,"minecraft:clay_ball":16,"born_in_chaos_v1:seedof_chaos":2,"aether:aether_dirt":149,"aether:poison_dart":8,"aether:lightning_knife":1,"minecraft:cornflower":2,"minecraft:moss_carpet":1,"minecraft:wooden_sword":1,"minecraft:iron_axe":1,"minecraft:item_frame":10,"minecraft:blackstone":30,"minecraft:cracked_stone_bricks":8,"aether:enchanted_dart_shooter":1,"minecraft:beef":7,"minecraft:player_head":1,"minecraft:poppy":3,"minecraft:light_gray_wool":4,"minecraft:sugar_cane":12,"minecraft:quartz_stairs":1,"minecraft:chest":30,"minecraft:piston":1,"iceandfire:dragonbone":9,"aether:neptune_chestplate":1,"minecraft:polished_blackstone_bricks":5,"minecraft:stone_button":1,"minecraft:cookie":12,"minecraft:mangrove_sign":1,"born_in_chaos_v1:pieceofdarkmetal":2,"minecraft:redstone":14,"minecraft:prismarine_crystals":10,"minecraft:dark_oak_planks":1,"mowziesmobs:umvuthana_mask_faith":1,"minecraft:tnt":2,"aether:skyroot_log":2,"minecraft:arrow":29,"iceandfire:sea_serpent_scales_purple":10,"minecraft:diamond_chestplate":3,"minecraft:cooked_cod":2,"minecraft:pumpkin_pie":16,"minecraft:diamond_boots":2,"iceandfire:chared_dirt":1,"minecraft:hay_block":8,"minecraft:yellow_terracotta":2,"minecraft:gold_ingot":2,"sophisticatedbackpacks:copper_backpack":3,"alexsmobs:kangaroo_meat":7,"minecraft:glow_berries":1,"minecraft:mutton":14,"quark:acacia_ladder":3,"minecraft:white_wool":9,"minecraft:oxeye_daisy":1,"born_in_chaos_v1:fused_bone":3,"born_in_chaos_v1:corpse_maggot":12,"minecraft:basalt":174,"iceandfire:sea_serpent_fang":2,"minecraft:tripwire_hook":2,"minecraft:salmon":2,"luminousworld:ishstone":14,"minecraft:leather":9,"minecraft:birch_planks":4,"stalwart_dungeons:diamond_hammer":15,"minecraft:oak_log":4,"minecraft:chainmail_chestplate":1,"minecraft:ancient_debris":3,"iceandfire:ectoplasm":2,"minecraft:golden_boots":1,"minecraft:yellow_bed":1,"naturalist:bass":2,"minecraft:cooked_mutton":2,"minecraft:apple":2,"minecraft:stone_bricks":12,"minecraft:kelp":10,"minecraft:iron_ingot":17,"minecraft:cooked_chicken":2,"aether:neptune_boots":1,"aether:victory_medal":5,"minecraft:stripped_oak_wood":1,"tombstone:bag_of_seeds":1,"iceandfire:sea_serpent_scales_deepblue":13,"minecraft:iron_sword":1,"mowziesmobs:umvuthana_mask_misery":1,"minecraft:dark_oak_stairs":2,"minecraft:book":4,"aether:invisibility_cloak":1,"minecraft:scaffolding":2,"iceandfire:copper_nugget":8,"iceandfire:ash":4,"minecraft:stone_brick_slab":11,"born_in_chaos_v1:ethereal_spirit":4,"minecraft:quartz":61,"minecraft:dandelion":2,"minecraft:red_banner":2,"minecraft:spruce_log":1,"minecraft:spider_eye":2,"mowziesmobs:naga_fang":1,"minecraft:iron_helmet":4,"minecraft:painting":1,"tombstone:magic_scroll":1,"aether:golden_dart":29,"minecraft:melon_seeds":7,"minecraft:coal":5},"minecraft:killed":{"earthmobsmod:duck":1,"born_in_chaos_v1:zombie_lumberjack":1,"mowziesmobs:umvuthi":1,"minecraft:spider":1,"undead_revamp2:clogger":1,"born_in_chaos_v1:siamese_skeletonsright":1,"born_in_chaos_v1:scarlet_persecutor":2,"minecraft:skeleton":8,"mowziesmobs:umvuthana_crane_player":1,"minecraft:bee":1,"alexsmobs:capuchin_monkey":3,"mowziesmobs:umvuthana_crane":1,"alexsmobs:straddler":1,"alexsmobs:kangaroo":1,"minecraft:parrot":1,"born_in_chaos_v1:bone_imp":1,"alexsmobs:seal":1,"minecraft:iron_golem":1,"aether:sheepuff":1,"iceandfire:cockatrice":1,"minecraft:sheep":9,"luminousworld:savannah_skeleton":9,"minecraft:pillager":4,"minecraft:zombie":3,"born_in_chaos_v1:corpse_fly":10,"enemyexpansion:botfly":7,"undead_revamp2:theskeeper":1,"bettermobs:capivara":1,"iceandfire:pixie":1,"born_in_chaos_v1:door_knight":1,"luminousworld:zebra":1,"born_in_chaos_v1:siamese_skeletonsleft":1,"iceandfire:sea_serpent":1,"enemyexpansion:wasp":1,"minecraft:cow":2,"mowziesmobs:naga":1,"minecraft:vex":3,"aether:mimic":1,"takesapillage:legioner":1,"minecraft:vindicator":1,"luminousworld:swallowtail":1,"enemyexpansion:direwolf":1,"born_in_chaos_v1:zombie_bruiser":1,"born_in_chaos_v1:maggot":2,"minecraft:horse":3,"iceandfire:fire_dragon":1,"iceandfire:siren":1,"naturalist:bass":3,"aether:valkyrie":5,"undead_revamp2:sucker":2,"mowziesmobs:umvuthana":3,"born_in_chaos_v1:spirit_guide":1,"minecraft:husk":7,"born_in_chaos_v1:baby_skeleton":2,"earthmobsmod:skeleton_wolf":2,"undead_revamp2:the_moonflower":2,"aether:cockatrice":1,"enemyexpansion:sprinter":2,"aether:flying_cow":1,"born_in_chaos_v1:decrepit_skeleton":2,"alexsmobs:emu":1,"born_in_chaos_v1:phantom_creeper_copy":1,"undead_revamp2:thesomnolence":3,"creeperoverhaul:ocean_creeper":1,"iceandfire:ghost":2,"alexsmobs:gazelle":1,"born_in_chaos_v1:nightmare_stalker":1,"naturalist:lizard":1,"minecraft:villager":2},"minecraft:broken":{"stalwart_dungeons:diamond_hammer":1},"minecraft:dropped":{"iceandfire:raw_silver":1,"minecraft:acacia_wood":7,"minecraft:piston":1,"minecraft:birch_planks":4,"minecraft:dark_oak_stairs":2,"luminousworld:yellowpetunias":2,"minecraft:diamond":44,"iceandfire:chared_dirt":1,"minecraft:cookie":2,"minecraft:leather":4,"iceandfire:ectoplasm":1,"minecraft:jungle_planks":11,"minecraft:cracked_stone_bricks":8,"born_in_chaos_v1:pieceofdarkmetal":2,"aether:neptune_boots":1,"minecraft:item_frame":9,"aether:victory_medal":5,"minecraft:flint":2,"minecraft:dirt":7,"minecraft:netherite_scrap":11,"born_in_chaos_v1:phantom_powder":1,"minecraft:cornflower":2,"minecraft:dark_oak_trapdoor":2,"minecraft:gilded_blackstone":2,"minecraft:gold_nugget":130,"iceandfire:ash":4,"minecraft:polished_blackstone_bricks":3,"minecraft:stripped_oak_wood":1,"minecraft:dark_oak_planks":1,"minecraft:white_wool":9,"minecraft:armor_stand":1,"minecraft:gold_ingot":1,"minecraft:bone":14,"minecraft:blackstone":24,"minecraft:sugar_cane":12,"minecraft:golden_chestplate":1,"minecraft:cobbled_deepslate":544,"minecraft:andesite_slab":1,"minecraft:wheat":11,"iceandfire:sea_serpent_scales_deepblue":8,"minecraft:obsidian":4,"born_in_chaos_v1:ethereal_spirit":3,"tombstone:gift":3,"minecraft:rotten_flesh":28,"luminousworld:tall_deadbush":4,"minecraft:enchanted_golden_apple":64,"minecraft:cooked_mutton":1,"luminousworld:savannah_soil":2,"iceandfire:crackled_gravel":2,"minecraft:acacia_stairs":1,"minecraft:mangrove_sign":1,"aether:ambrosium_shard":52,"iceandfire:shiny_scales":1,"minecraft:chainmail_chestplate":1,"stalwart_dungeons:diamond_hammer":11,"minecraft:poppy":2,"supplementaries:ash":13,"luminousworld:grassflowers":2,"born_in_chaos_v1:seedof_chaos":2,"minecraft:charcoal":8,"minecraft:quartz_block":1,"minecraft:melon_seeds":7,"minecraft:chainmail_boots":1,"minecraft:ladder":1,"minecraft:chest":15,"minecraft:painting":1,"minecraft:basalt":58,"minecraft:arrow":25,"minecraft:quartz":64,"minecraft:stone_brick_stairs":8,"minecraft:netherrack":1696,"minecraft:iron_ingot":36,"minecraft:bread":54,"born_in_chaos_v1:shattered_skull":1,"minecraft:wheat_seeds":1265,"luminousworld:ishstone":13,"aether:swet_cape":1,"aether:angelic_stone":1,"minecraft:prismarine_shard":1,"minecraft:iron_helmet":2,"minecraft:oak_fence":1,"minecraft:feather":12,"minecraft:cobblestone":4,"minecraft:prismarine_crystals":5,"minecraft:book":3,"minecraft:coal":5,"minecraft:stick":14,"minecraft:oxeye_daisy":1,"illagerinvasion:platinum_chunk":3,"born_in_chaos_v1:black_argillite":1,"minecraft:diorite":4,"minecraft:iron_trapdoor":1,"tombstone:magic_scroll":1,"iceandfire:copper_nugget":8,"tombstone:grave_key":1,"luminousworld:savannah_ground":32,"tombstone:grave_dust":9,"minecraft:iron_leggings":1,"minecraft:iron_axe":1,"minecraft:smooth_stone":1,"minecraft:tripwire_hook":2,"tombstone:voodoo_poppet":1,"minecraft:acacia_planks":2,"minecraft:redstone_block":1,"minecraft:stone_brick_slab":5,"iceandfire:dragonbone":1,"minecraft:redstone":5,"minecraft:raw_copper":7,"minecraft:tuff":58,"iceandfire:witherbone":1,"minecraft:red_banner":1,"minecraft:clay_ball":16,"minecraft:iron_boots":1,"aether:aether_dirt":32,"luminousworld:yellow_grassflowers":1,"minecraft:potato":1,"minecraft:cobblestone_slab":1,"minecraft:flower_pot":2,"minecraft:iron_chestplate":2,"luminousworld:groundpebbles_1":2,"minecraft:andesite":65,"minecraft:quartz_stairs":1,"minecraft:golden_sword":1,"minecraft:spider_eye":2,"aether:holystone":29,"minecraft:stone_bricks":13,"luminousworld:elephant_grass":20,"sophisticatedbackpacks:copper_backpack":2,"minecraft:bow":7,"minecraft:calcite":6},"minecraft:killed_by":{"minecraft:wither_skeleton":3,"born_in_chaos_v1:nightmare_stalker":1,"aether:valkyrie":2,"mowziesmobs:umvuthi":1,"minecraft:vindicator":1,"alexsmobs:crocodile":1,"born_in_chaos_v1:scarlet_persecutor":1,"undead_revamp2:theheavy":1,"iceandfire:fire_dragon":2,"minecraft:husk":2,"minecraft:player":1,"aether:slider":1,"minecraft:skeleton":1,"iceandfire:lightning_dragon":1},"minecraft:used":{"minecraft:poppy":1,"minecraft:chest":15,"minecraft:iron_sword":5,"luminousworld:savannah_ground":17,"minecraft:rotten_flesh":4,"minecraft:mutton":2,"minecraft:jungle_planks":5,"minecraft:obsidian":1,"born_in_chaos_v1:corpse_maggot":12,"iceandfire:crackled_gravel":2,"alexsmobs:lobster_tail":1,"minecraft:quartz_block":3,"luminousworld:elephant_grass":3,"minecraft:item_frame":1,"aether:lightning_sword":211,"minecraft:scaffolding":3,"minecraft:oak_sapling":1,"minecraft:acacia_fence":1,"minecraft:potato":17,"minecraft:mossy_stone_bricks":6,"minecraft:blackstone":5,"aether:enchanted_dart_shooter":1,"naturalist:duck_egg":1,"minecraft:cookie":9,"minecraft:yellow_terracotta":2,"earthmobsmod:duck_egg":1,"minecraft:birch_slab":3,"minecraft:bread":141,"minecraft:stone_button":1,"minecraft:red_terracotta":2,"minecraft:cooked_rabbit":1,"minecraft:andesite":1,"aether:lightning_knife":1,"minecraft:flint_and_steel":18,"minecraft:armor_stand":5,"aether:cold_aercloud":1,"aether:aether_dirt":26,"luminousworld:tall_deadbush":1,"vanillaplustools:stone_hammer":6,"minecraft:cooked_chicken":2,"minecraft:netherrack":189,"minecraft:torch":2,"minecraft:dirt":23,"alexsmobs:cooked_kangaroo_meat":1,"minecraft:granite":1,"minecraft:stone_brick_slab":6,"stalwart_dungeons:diamond_hammer":4017,"aether:zanite_pickaxe":93,"minecraft:light_gray_wool":3,"minecraft:glowstone":15,"minecraft:basalt":116,"quark:acacia_ladder":1,"minecraft:beef":7,"luminousworld:savannah_soil":84,"minecraft:enchanted_golden_apple":13,"aether:holystone":50,"minecraft:cobbled_deepslate":135,"minecraft:acacia_planks":3,"naturalist:bass":2,"minecraft:wheat_seeds":11,"minecraft:cooked_mutton":6,"minecraft:water_bucket":1,"iceandfire:crackled_stone":1,"iceandfire:crackled_grass":1,"luminousworld:ishstone":1,"minecraft:salmon":1,"minecraft:mossy_cobblestone":13,"minecraft:crafting_table":3,"quark:acacia_chest":1,"minecraft:cod":4,"minecraft:book":1,"minecraft:cake":2,"minecraft:oak_log":1,"minecraft:acacia_stairs":3,"minecraft:apple":2,"minecraft:chicken":9,"minecraft:iron_pickaxe":58,"alexsmobs:kangaroo_meat":1,"aether:zanite_axe":16,"minecraft:cobblestone":335,"minecraft:porkchop":6,"minecraft:cooked_porkchop":2,"minecraft:bucket":1,"minecraft:red_banner":1,"minecraft:pumpkin_pie":16,"minecraft:yellow_bed":1,"quark:oak_chest":1,"minecraft:purple_carpet":1,"minecraft:dandelion":2,"minecraft:splash_potion":1},"minecraft:custom":{"minecraft:interact_with_crafting_table":73,"minecraft:open_barrel":21,"minecraft:eat_cake_slice":6,"minecraft:leave_game":14,"minecraft:time_since_death":65219,"minecraft:damage_resisted":522,"minecraft:sprint_one_cm":2074969,"minecraft:drop":1752,"minecraft:play_noteblock":4,"minecraft:talked_to_villager":7,"minecraft:play_time":611263,"minecraft:deaths":35,"minecraft:jump":11358,"minecraft:walk_on_water_one_cm":99155,"minecraft:enchant_item":11,"minecraft:interact_with_furnace":55,"minecraft:sleep_in_bed":3,"minecraft:damage_dealt":48015,"minecraft:player_kills":2,"minecraft:crouch_one_cm":11058,"tombstone:undead_killed":50,"tombstone:villager_killed":2,"minecraft:interact_with_anvil":25,"minecraft:mob_kills":161,"minecraft:damage_dealt_resisted":624,"minecraft:climb_one_cm":21070,"minecraft:walk_one_cm":1305838,"minecraft:sneak_time":3675,"minecraft:walk_under_water_one_cm":69231,"minecraft:total_world_time":611263,"tombstone:raider_killed":6,"minecraft:tune_noteblock":2,"minecraft:time_since_rest":65041,"minecraft:damage_absorbed":608,"minecraft:damage_taken":28624,"minecraft:swim_one_cm":647407,"minecraft:fly_one_cm":1926615,"minecraft:open_chest":339,"minecraft:fall_one_cm":452327}},"DataVersion":3465}