{"stats":{"minecraft:used":{"minecraft:iron_sword":5,"luminousworld:savannah_ground":4,"minecraft:rotten_flesh":4,"minecraft:mutton":1,"born_in_chaos_v1:corpse_maggot":7,"alexsmobs:lobster_tail":1,"luminousworld:elephant_grass":3,"minecraft:item_frame":1,"minecraft:scaffolding":3,"minecraft:oak_sapling":1,"minecraft:acacia_fence":1,"minecraft:potato":17,"minecraft:mossy_stone_bricks":5,"naturalist:duck_egg":1,"minecraft:yellow_terracotta":1,"earthmobsmod:duck_egg":1,"minecraft:bread":55,"minecraft:stone_button":1,"minecraft:andesite":1,"minecraft:armor_stand":5,"luminousworld:tall_deadbush":1,"vanillaplustools:stone_hammer":6,"minecraft:cooked_chicken":2,"minecraft:torch":2,"minecraft:stone_brick_slab":6,"stalwart_dungeons:diamond_hammer":1430,"quark:acacia_ladder":1,"minecraft:beef":5,"luminousworld:savannah_soil":50,"minecraft:acacia_planks":3,"minecraft:cobbled_deepslate":135,"naturalist:bass":2,"minecraft:wheat_seeds":11,"minecraft:cooked_mutton":6,"luminousworld:ishstone":1,"minecraft:salmon":1,"minecraft:crafting_table":2,"quark:acacia_chest":1,"minecraft:cod":4,"minecraft:cake":2,"minecraft:book":1,"minecraft:oak_log":1,"minecraft:apple":2,"minecraft:chicken":9,"minecraft:iron_pickaxe":58,"alexsmobs:kangaroo_meat":1,"minecraft:cobblestone":103,"minecraft:porkchop":4,"minecraft:cooked_porkchop":2,"minecraft:red_banner":1,"minecraft:yellow_bed":1,"quark:oak_chest":1,"minecraft:purple_carpet":1},"minecraft:killed":{"earthmobsmod:duck":1,"minecraft:spider":1,"born_in_chaos_v1:scarlet_persecutor":2,"minecraft:skeleton":6,"minecraft:bee":1,"alexsmobs:kangaroo":1,"minecraft:parrot":1,"alexsmobs:seal":1,"minecraft:iron_golem":1,"iceandfire:cockatrice":1,"minecraft:sheep":9,"luminousworld:savannah_skeleton":4,"minecraft:zombie":2,"born_in_chaos_v1:corpse_fly":9,"enemyexpansion:botfly":7,"undead_revamp2:theskeeper":1,"bettermobs:capivara":1,"iceandfire:pixie":1,"born_in_chaos_v1:door_knight":1,"luminousworld:zebra":1,"minecraft:cow":2,"enemyexpansion:wasp":1,"mowziesmobs:naga":1,"luminousworld:swallowtail":1,"born_in_chaos_v1:maggot":1,"minecraft:horse":3,"naturalist:bass":2,"born_in_chaos_v1:spirit_guide":1,"minecraft:husk":6,"born_in_chaos_v1:baby_skeleton":2,"enemyexpansion:sprinter":2,"alexsmobs:emu":1,"iceandfire:ghost":2,"creeperoverhaul:ocean_creeper":1,"alexsmobs:gazelle":1,"naturalist:lizard":1,"minecraft:villager":2},"minecraft:mined":{"minecraft:dark_oak_planks":1,"minecraft:attached_melon_stem":1,"luminousworld:yellowpetunias":1,"minecraft:acacia_log":9,"luminousworld:savanna_grass_2":55,"minecraft:spawner":6,"minecraft:cobbled_deepslate":32,"minecraft:fire":6,"minecraft:cave_vines":1,"minecraft:potted_cornflower":1,"luminousworld:tall_deadbush":7,"minecraft:melon_stem":9,"minecraft:clay":4,"minecraft:torch":3,"minecraft:calcite":6,"minecraft:poppy":1,"minecraft:cobblestone":1,"minecraft:sugar_cane":14,"minecraft:wall_torch":2,"minecraft:seagrass":1,"minecraft:wheat":594,"minecraft:stone_brick_stairs":1,"minecraft:grass":68,"minecraft:oak_log":2,"minecraft:acacia_fence":1,"luminousworld:grassvariant_3":3,"minecraft:tripwire_hook":2,"luminousworld:savannah_grass_4":57,"minecraft:oak_leaves":20,"minecraft:deepslate":182,"luminousworld:savannah_ground":25,"minecraft:yellow_terracotta":1,"minecraft:tuff":12,"minecraft:deepslate_diamond_ore":40,"luminousworld:grassvariant_4":2,"luminousworld:grassvariant_2":5,"luminousworld:clovers_2":1,"minecraft:hay_block":8,"quark:acacia_ladder":3,"minecraft:cobblestone_slab":1,"minecraft:stone":49,"luminousworld:savannah_soil":76,"minecraft:acacia_leaves":2,"minecraft:scaffolding":2,"minecraft:stone_brick_slab":3,"minecraft:red_banner":1,"minecraft:dandelion":2,"minecraft:oak_fence":1,"minecraft:crafting_table":1,"luminousworld:savannah_grass_1":56,"minecraft:andesite_slab":1,"minecraft:campfire":4,"luminousworld:grassflowers":2,"minecraft:tall_grass":34,"minecraft:yellow_bed":1,"luminousworld:ishstone":1,"minecraft:gray_carpet":1,"minecraft:cracked_stone_bricks":3,"minecraft:acacia_planks":3,"minecraft:stone_bricks":3,"luminousworld:elephant_grass":24,"minecraft:fern":4},"minecraft:broken":{"stalwart_dungeons:diamond_hammer":1},"minecraft:killed_by":{"minecraft:vindicator":1,"alexsmobs:crocodile":1,"born_in_chaos_v1:scarlet_persecutor":1,"undead_revamp2:theheavy":1,"iceandfire:fire_dragon":2,"minecraft:husk":2,"minecraft:player":1,"minecraft:skeleton":1},"minecraft:picked_up":{"minecraft:wooden_axe":1,"minecraft:iron_chestplate":1,"minecraft:wheat":491,"minecraft:chainmail_boots":1,"minecraft:flower_pot":1,"minecraft:stone_brick_stairs":8,"born_in_chaos_v1:black_argillite":1,"minecraft:dark_oak_trapdoor":2,"minecraft:raw_copper":7,"minecraft:iron_leggings":1,"minecraft:armor_stand":7,"minecraft:experience_bottle":3,"alexsmobs:emu_feather":2,"minecraft:diamond_leggings":3,"minecraft:cobbled_deepslate":1025,"minecraft:gold_nugget":146,"earthmobsmod:duck_egg":1,"minecraft:cobblestone_slab":1,"minecraft:calcite":6,"minecraft:iron_boots":1,"minecraft:stick":1,"minecraft:acacia_fence":1,"minecraft:oak_fence":1,"minecraft:torch":2,"minecraft:acacia_log":9,"minecraft:porkchop":8,"luminousworld:savannah_soil":67,"tombstone:grave_dust":4,"minecraft:diorite":4,"minecraft:golden_chestplate":1,"luminousworld:grassflowers":2,"minecraft:stone_sword":1,"minecraft:rotten_flesh":17,"luminousworld:yellow_grassflowers":1,"luminousworld:tall_deadbush":5,"minecraft:cod":2,"alexsmobs:lobster_tail":1,"minecraft:cobblestone":45,"luminousworld:savannah_ground":36,"minecraft:feather":8,"minecraft:andesite":4,"minecraft:potato":9,"minecraft:tuff":78,"minecraft:lapis_lazuli":62,"minecraft:purple_carpet":1,"minecraft:bone":10,"minecraft:acacia_planks":3,"minecraft:bow":7,"minecraft:wheat_seeds":1241,"luminousworld:elephant_grass":21,"minecraft:mossy_stone_bricks":5,"minecraft:diamond_helmet":2,"minecraft:cooked_porkchop":4,"naturalist:duck_egg":1,"minecraft:bundle":1,"minecraft:diamond":38,"luminousworld:yellowpetunias":2,"minecraft:golden_apple":2,"minecraft:emerald":1,"minecraft:bread":26,"minecraft:oak_sapling":1,"minecraft:andesite_slab":1,"iceandfire:raw_silver":1,"luminousworld:groundpebbles_1":2,"minecraft:charcoal":8,"minecraft:crafting_table":1,"iceandfire:witherbone":1,"minecraft:chicken":9,"minecraft:ladder":1,"minecraft:clay_ball":16,"born_in_chaos_v1:seedof_chaos":2,"minecraft:cornflower":2,"minecraft:iron_axe":1,"minecraft:wooden_sword":1,"minecraft:item_frame":10,"minecraft:cracked_stone_bricks":8,"minecraft:beef":5,"minecraft:player_head":1,"minecraft:poppy":2,"minecraft:light_gray_wool":1,"minecraft:sugar_cane":12,"iceandfire:dragonbone":1,"minecraft:stone_button":1,"minecraft:mangrove_sign":1,"minecraft:redstone":9,"minecraft:dark_oak_planks":1,"minecraft:arrow":18,"minecraft:diamond_chestplate":3,"minecraft:diamond_boots":2,"minecraft:hay_block":8,"minecraft:yellow_terracotta":1,"minecraft:gold_ingot":2,"sophisticatedbackpacks:copper_backpack":3,"minecraft:mutton":13,"quark:acacia_ladder":3,"alexsmobs:kangaroo_meat":7,"minecraft:white_wool":7,"born_in_chaos_v1:fused_bone":1,"born_in_chaos_v1:corpse_maggot":7,"minecraft:tripwire_hook":2,"minecraft:salmon":2,"luminousworld:ishstone":14,"minecraft:leather":5,"stalwart_dungeons:diamond_hammer":7,"minecraft:oak_log":4,"minecraft:chainmail_chestplate":1,"iceandfire:ectoplasm":2,"minecraft:yellow_bed":1,"minecraft:cooked_mutton":2,"naturalist:bass":2,"minecraft:apple":2,"minecraft:stone_bricks":12,"minecraft:iron_ingot":16,"minecraft:cooked_chicken":2,"iceandfire:sea_serpent_scales_deepblue":8,"minecraft:iron_sword":1,"minecraft:dark_oak_stairs":2,"minecraft:book":4,"minecraft:scaffolding":2,"minecraft:stone_brick_slab":11,"iceandfire:ash":3,"born_in_chaos_v1:ethereal_spirit":4,"minecraft:red_banner":2,"mowziesmobs:naga_fang":1,"minecraft:iron_helmet":1,"minecraft:painting":1,"minecraft:melon_seeds":7},"minecraft:dropped":{"iceandfire:raw_silver":1,"minecraft:dark_oak_stairs":2,"luminousworld:yellowpetunias":2,"minecraft:diamond":44,"minecraft:leather":4,"iceandfire:ectoplasm":1,"minecraft:cracked_stone_bricks":8,"minecraft:item_frame":9,"minecraft:cornflower":2,"minecraft:dark_oak_trapdoor":2,"minecraft:gold_nugget":128,"iceandfire:ash":3,"minecraft:dark_oak_planks":1,"minecraft:white_wool":7,"minecraft:bone":3,"minecraft:gold_ingot":1,"minecraft:armor_stand":1,"minecraft:sugar_cane":12,"minecraft:golden_chestplate":1,"minecraft:cobbled_deepslate":544,"minecraft:andesite_slab":1,"minecraft:wheat":11,"iceandfire:sea_serpent_scales_deepblue":8,"minecraft:obsidian":4,"born_in_chaos_v1:ethereal_spirit":3,"tombstone:gift":3,"minecraft:rotten_flesh":13,"luminousworld:tall_deadbush":4,"minecraft:cooked_mutton":1,"luminousworld:savannah_soil":2,"minecraft:mangrove_sign":1,"minecraft:chainmail_chestplate":1,"stalwart_dungeons:diamond_hammer":6,"minecraft:poppy":2,"luminousworld:grassflowers":2,"born_in_chaos_v1:seedof_chaos":2,"minecraft:charcoal":8,"minecraft:melon_seeds":7,"minecraft:ladder":1,"minecraft:chainmail_boots":1,"minecraft:painting":1,"minecraft:arrow":17,"minecraft:stone_brick_stairs":8,"minecraft:iron_ingot":29,"minecraft:bread":52,"minecraft:wheat_seeds":1245,"luminousworld:ishstone":13,"minecraft:feather":8,"minecraft:iron_helmet":1,"minecraft:oak_fence":1,"minecraft:cobblestone":3,"minecraft:book":3,"minecraft:stick":4,"born_in_chaos_v1:black_argillite":1,"minecraft:diorite":4,"minecraft:iron_trapdoor":1,"tombstone:grave_key":1,"luminousworld:savannah_ground":32,"tombstone:grave_dust":2,"minecraft:iron_leggings":1,"minecraft:iron_axe":1,"minecraft:smooth_stone":1,"minecraft:tripwire_hook":2,"minecraft:stone_brick_slab":5,"iceandfire:dragonbone":1,"minecraft:tuff":58,"iceandfire:witherbone":1,"minecraft:red_banner":1,"minecraft:iron_boots":1,"luminousworld:yellow_grassflowers":1,"minecraft:cobblestone_slab":1,"minecraft:potato":1,"minecraft:flower_pot":1,"minecraft:iron_chestplate":2,"luminousworld:groundpebbles_1":2,"minecraft:andesite":65,"minecraft:stone_bricks":13,"luminousworld:elephant_grass":18,"sophisticatedbackpacks:copper_backpack":2,"minecraft:bow":4,"minecraft:calcite":6},"minecraft:custom":{"minecraft:interact_with_crafting_table":46,"minecraft:open_barrel":16,"minecraft:eat_cake_slice":6,"minecraft:leave_game":7,"minecraft:time_since_death":42015,"minecraft:sprint_one_cm":1014888,"minecraft:drop":840,"minecraft:play_noteblock":4,"minecraft:talked_to_villager":6,"minecraft:play_time":270446,"minecraft:deaths":16,"minecraft:jump":5511,"minecraft:walk_on_water_one_cm":60561,"minecraft:enchant_item":5,"minecraft:interact_with_furnace":37,"minecraft:sleep_in_bed":3,"minecraft:damage_dealt":18839,"minecraft:player_kills":2,"minecraft:crouch_one_cm":2800,"tombstone:undead_killed":27,"tombstone:villager_killed":2,"minecraft:mob_kills":84,"minecraft:damage_dealt_resisted":586,"minecraft:climb_one_cm":15616,"minecraft:walk_one_cm":587472,"minecraft:sneak_time":1085,"minecraft:walk_under_water_one_cm":25131,"minecraft:total_world_time":270446,"minecraft:tune_noteblock":2,"minecraft:time_since_rest":13420,"minecraft:damage_taken":6970,"minecraft:swim_one_cm":237608,"minecraft:fly_one_cm":980397,"minecraft:open_chest":147,"minecraft:fall_one_cm":137694},"minecraft:crafted":{"minecraft:smooth_stone":3,"minecraft:oak_planks":12,"minecraft:stone":4,"quark:acacia_ladder":4,"minecraft:cooked_mutton":12,"minecraft:diamond_helmet":1,"minecraft:diamond_leggings":1,"minecraft:cooked_porkchop":3,"minecraft:crafting_table":1,"minecraft:stick":20,"quark:oak_chest":1,"minecraft:iron_pickaxe":1,"minecraft:iron_ingot":13,"stalwart_dungeons:diamond_hammer":2,"quark:acacia_chest":1,"minecraft:diamond_boots":1,"minecraft:wheat":72,"minecraft:iron_sword":1,"minecraft:bread":143,"minecraft:acacia_planks":36,"minecraft:diamond_chestplate":1}},"DataVersion":3465}