{"stats":{"minecraft:picked_up":{"minecraft:cocoa_beans":8,"minecraft:wheat":108,"minecraft:chicken":2,"minecraft:lead":2,"minecraft:raw_copper":25,"minecraft:cobbled_deepslate":118,"minecraft:beef":4,"minecraft:cobblestone_slab":6,"born_in_chaos_v1:gnawed_bones":2,"minecraft:melon_slice":7,"minecraft:chest":2,"minecraft:egg":1,"minecraft:stick":69,"minecraft:raw_iron":10,"minecraft:torch":3,"minecraft:acacia_log":131,"minecraft:diorite":5,"minecraft:blue_carpet":12,"minecraft:stone_sword":1,"minecraft:rotten_flesh":17,"minecraft:light_gray_bed":1,"minecraft:hay_block":9,"minecraft:yellow_terracotta":2,"minecraft:saddle":1,"supplementaries:ash":1,"minecraft:mutton":5,"minecraft:cobblestone":1133,"minecraft:white_wool":4,"minecraft:birch_log":26,"minecraft:feather":2,"born_in_chaos_v1:monster_flesh":4,"minecraft:jungle_log":7,"minecraft:leather":7,"minecraft:flint":3,"minecraft:oak_log":70,"minecraft:lapis_lazuli":20,"minecraft:dirt":82,"born_in_chaos_v1:monster_skin":4,"minecraft:orange_terracotta":4,"minecraft:acacia_planks":5,"minecraft:wheat_seeds":463,"minecraft:stripped_oak_wood":2,"minecraft:acacia_sapling":25,"minecraft:oak_planks":48,"luminousworld:bass_item":1,"minecraft:gravel":10,"minecraft:slime_ball":1,"minecraft:stone_axe":2,"minecraft:granite":32,"minecraft:bread":2,"minecraft:oak_sapling":3,"minecraft:acacia_slab":2,"minecraft:melon_seeds":9,"minecraft:coal":29},"minecraft:custom":{"minecraft:interact_with_smithing_table":1,"minecraft:mob_kills":17,"minecraft:interact_with_crafting_table":48,"minecraft:leave_game":5,"minecraft:time_since_death":5023,"minecraft:climb_one_cm":621,"minecraft:sprint_one_cm":510245,"minecraft:walk_one_cm":397880,"minecraft:drop":355,"minecraft:talked_to_villager":2,"minecraft:play_time":194802,"minecraft:deaths":7,"minecraft:sneak_time":596,"minecraft:walk_under_water_one_cm":15660,"minecraft:jump":3134,"minecraft:walk_on_water_one_cm":42584,"minecraft:total_world_time":194802,"minecraft:interact_with_furnace":6,"minecraft:interact_with_grindstone":1,"minecraft:sleep_in_bed":6,"minecraft:time_since_rest":3941,"minecraft:damage_taken":2916,"minecraft:damage_dealt":3647,"minecraft:swim_one_cm":60209,"minecraft:fly_one_cm":461851,"minecraft:open_chest":71,"minecraft:crouch_one_cm":1218,"tombstone:undead_killed":1,"minecraft:fall_one_cm":67139},"minecraft:used":{"minecraft:stone_sword":115,"minecraft:chest":4,"vanillaplustools:stone_hammer":156,"minecraft:rotten_flesh":1,"minecraft:torch":19,"minecraft:dirt":38,"minecraft:mutton":5,"minecraft:acacia_sapling":25,"minecraft:wooden_axe":139,"minecraft:acacia_slab":32,"minecraft:melon_seeds":3,"minecraft:beef":4,"minecraft:oak_sapling":1,"tombstone:gift":2,"minecraft:egg":1,"minecraft:cobbled_deepslate":7,"minecraft:acacia_planks":49,"minecraft:orange_terracotta":4,"minecraft:light_gray_bed":1,"minecraft:wheat_seeds":64,"minecraft:acacia_trapdoor":2,"minecraft:stone_pickaxe":200,"minecraft:oak_planks":27,"minecraft:wooden_pickaxe":31,"minecraft:yellow_terracotta":2,"minecraft:crafting_table":2,"minecraft:apple":1,"minecraft:melon_slice":7,"minecraft:chicken":2,"minecraft:bread":30,"minecraft:stone_axe":329,"minecraft:blue_carpet":9,"minecraft:cobblestone":370,"minecraft:stripped_oak_wood":2,"alexsmobs:animal_dictionary":18},"minecraft:killed":{"minecraft:chicken":2,"luminousworld:bass_fish":1,"luminousworld:charaxes":1,"minecraft:sheep":3,"alexsmobs:catfish":1,"minecraft:trader_llama":2,"luminousworld:savannah_skeleton":1,"born_in_chaos_v1:dread_hound":3,"minecraft:cow":3},"minecraft:dropped":{"minecraft:bread":38,"minecraft:wheat_seeds":344,"minecraft:oak_log":8,"minecraft:feather":2,"minecraft:cobblestone":67,"minecraft:leather":3,"minecraft:acacia_log":51,"minecraft:stick":16,"minecraft:dirt":34,"minecraft:birch_log":26,"minecraft:blue_carpet":3,"minecraft:white_wool":4,"minecraft:acacia_planks":1,"minecraft:gravel":10,"minecraft:stone_axe":2,"minecraft:cocoa_beans":8,"minecraft:wheat":8,"minecraft:rotten_flesh":8,"minecraft:cobblestone_slab":6,"minecraft:melon_seeds":6,"minecraft:oak_sapling":2,"minecraft:wooden_pickaxe":1},"minecraft:killed_by":{"minecraft:player":1,"undead_revamp2:the_moonflower":2,"born_in_chaos_v1:corpse_fly":1},"minecraft:mined":{"minecraft:yellow_terracotta":2,"minecraft:blue_carpet":9,"minecraft:attached_melon_stem":1,"minecraft:farmland":1,"minecraft:granite":32,"minecraft:acacia_log":149,"minecraft:grass_block":30,"minecraft:jungle_log":7,"minecraft:light_gray_bed":1,"minecraft:acacia_slab":2,"minecraft:hay_block":10,"minecraft:iron_ore":9,"minecraft:fire":4,"minecraft:orange_stained_glass_pane":5,"minecraft:deepslate_lapis_ore":3,"minecraft:deepslate_iron_ore":1,"minecraft:dirt_path":3,"minecraft:stone":1110,"minecraft:acacia_leaves":9,"minecraft:melon_stem":3,"minecraft:orange_terracotta":4,"minecraft:torch":1,"minecraft:melon":1,"minecraft:chest":2,"minecraft:tall_grass":21,"minecraft:copper_ore":7,"minecraft:cobblestone":26,"minecraft:diorite":5,"minecraft:wall_torch":1,"minecraft:birch_log":26,"minecraft:wheat":157,"minecraft:birch_leaves":1,"minecraft:stripped_oak_wood":2,"minecraft:grass":65,"minecraft:oak_log":76,"minecraft:coal_ore":34,"minecraft:acacia_fence":1,"minecraft:gravel":13,"minecraft:dirt":48,"minecraft:acacia_planks":1,"minecraft:oak_leaves":5,"minecraft:deepslate":137},"minecraft:crafted":{"minecraft:oak_planks":28,"minecraft:cobblestone_slab":6,"vanillaplustools:stone_hammer":2,"minecraft:stone_pickaxe":21,"minecraft:chest":2,"minecraft:wheat":81,"minecraft:crafting_table":2,"minecraft:acacia_slab":30,"minecraft:wooden_pickaxe":1,"minecraft:acacia_trapdoor":2,"minecraft:stone_axe":6,"minecraft:bread":60,"minecraft:stick":56,"minecraft:wooden_axe":2,"minecraft:acacia_planks":168,"minecraft:torch":28},"minecraft:broken":{"minecraft:stone_pickaxe":1,"vanillaplustools:stone_hammer":1,"minecraft:stone_axe":1,"minecraft:wooden_axe":2}},"DataVersion":3465}