{"stats":{"minecraft:killed_by":{"minecraft:vindicator":1},"minecraft:crafted":{"minecraft:stick":8,"minecraft:acacia_planks":16,"minecraft:bread":5},"minecraft:custom":{"minecraft:time_since_rest":3583,"minecraft:sprint_one_cm":107343,"minecraft:damage_taken":380,"minecraft:walk_one_cm":35729,"minecraft:mob_kills":1,"minecraft:drop":188,"minecraft:damage_dealt":50,"minecraft:talked_to_villager":5,"minecraft:swim_one_cm":286,"minecraft:interact_with_crafting_table":2,"minecraft:fly_one_cm":100916,"minecraft:open_chest":13,"minecraft:play_time":17534,"minecraft:deaths":1,"minecraft:walk_under_water_one_cm":283,"minecraft:jump":475,"minecraft:walk_on_water_one_cm":6016,"minecraft:time_since_death":14317,"minecraft:sleep_in_bed":1,"minecraft:total_world_time":17534,"minecraft:fall_one_cm":8140},"minecraft:mined":{"minecraft:hay_block":8,"minecraft:scaffolding":2,"minecraft:melon_stem":3,"minecraft:wheat":259,"minecraft:yellow_bed":1,"minecraft:acacia_log":4,"luminousworld:savannah_grass_1":3,"minecraft:grass":6,"minecraft:poppy":1,"minecraft:campfire":4,"luminousworld:grassflowers":1,"minecraft:tall_grass":5,"luminousworld:savannah_grass_4":1,"luminousworld:elephant_grass":1,"luminousworld:savanna_grass_2":4},"minecraft:killed":{"earthmobsmod:duck":1},"minecraft:picked_up":{"minecraft:book":1,"minecraft:scaffolding":2,"minecraft:charcoal":8,"minecraft:chicken":8,"minecraft:wheat":182,"minecraft:feather":2,"minecraft:cooked_porkchop":4,"minecraft:salmon":2,"minecraft:acacia_log":4,"minecraft:potato":8,"minecraft:porkchop":4,"minecraft:yellow_bed":1,"minecraft:golden_chestplate":1,"minecraft:armor_stand":1,"minecraft:cooked_mutton":1,"minecraft:item_frame":5,"minecraft:experience_bottle":2,"minecraft:apple":1,"luminousworld:yellow_grassflowers":1,"minecraft:wheat_seeds":559,"minecraft:hay_block":8,"minecraft:iron_ingot":2,"luminousworld:elephant_grass":1,"minecraft:gold_ingot":1,"minecraft:emerald":1,"minecraft:melon_seeds":1,"minecraft:sugar_cane":1},"minecraft:used":{"minecraft:apple":1,"minecraft:bread":2,"minecraft:item_frame":1,"minecraft:salmon":1,"minecraft:scaffolding":2,"minecraft:yellow_bed":1,"minecraft:book":1},"minecraft:dropped":{"minecraft:sugar_cane":1,"minecraft:wheat_seeds":559,"tombstone:grave_key":1,"minecraft:charcoal":8,"minecraft:melon_seeds":1,"minecraft:wheat":2,"tombstone:gift":1,"minecraft:feather":2,"minecraft:stone_bricks":1,"luminousworld:elephant_grass":1,"minecraft:item_frame":2,"minecraft:armor_stand":1,"luminousworld:yellow_grassflowers":1}},"DataVersion":3465}