{"stats":{"minecraft:custom":{"minecraft:interact_with_furnace":5,"minecraft:mob_kills":10,"minecraft:interact_with_crafting_table":36,"minecraft:interact_with_grindstone":1,"minecraft:leave_game":2,"minecraft:time_since_death":44227,"minecraft:sleep_in_bed":4,"minecraft:climb_one_cm":621,"minecraft:time_since_rest":2592,"minecraft:sprint_one_cm":294388,"minecraft:damage_taken":1131,"minecraft:walk_one_cm":230491,"minecraft:drop":272,"minecraft:damage_dealt":1300,"minecraft:swim_one_cm":2093,"minecraft:talked_to_villager":2,"minecraft:fly_one_cm":295293,"minecraft:open_chest":36,"minecraft:crouch_one_cm":961,"minecraft:play_time":122067,"tombstone:undead_killed":1,"minecraft:deaths":2,"minecraft:sneak_time":516,"minecraft:walk_under_water_one_cm":848,"minecraft:jump":1782,"minecraft:walk_on_water_one_cm":13814,"minecraft:total_world_time":122067,"minecraft:fall_one_cm":41484},"minecraft:picked_up":{"minecraft:birch_log":26,"minecraft:cocoa_beans":8,"minecraft:wheat":97,"minecraft:feather":2,"minecraft:chicken":2,"minecraft:jungle_log":7,"minecraft:leather":5,"minecraft:oak_log":62,"minecraft:dirt":52,"minecraft:orange_terracotta":4,"minecraft:acacia_planks":5,"minecraft:wheat_seeds":312,"minecraft:beef":4,"minecraft:stripped_oak_wood":2,"minecraft:melon_slice":7,"minecraft:chest":1,"minecraft:acacia_sapling":25,"minecraft:egg":1,"minecraft:stick":21,"minecraft:torch":1,"minecraft:acacia_log":80,"minecraft:blue_carpet":11,"minecraft:rotten_flesh":8,"minecraft:light_gray_bed":1,"minecraft:stone_axe":1,"minecraft:hay_block":9,"minecraft:bread":2,"minecraft:yellow_terracotta":2,"minecraft:melon_seeds":7,"minecraft:oak_sapling":3,"minecraft:acacia_slab":2,"minecraft:mutton":5,"minecraft:white_wool":4,"minecraft:cobblestone":175},"minecraft:used":{"minecraft:wheat_seeds":64,"minecraft:acacia_trapdoor":2,"minecraft:stone_pickaxe":180,"minecraft:oak_planks":12,"minecraft:chest":3,"minecraft:wooden_pickaxe":31,"minecraft:torch":3,"minecraft:dirt":31,"minecraft:mutton":5,"minecraft:yellow_terracotta":2,"minecraft:crafting_table":2,"minecraft:acacia_sapling":25,"minecraft:wooden_axe":139,"minecraft:apple":1,"minecraft:melon_slice":7,"minecraft:chicken":2,"minecraft:bread":13,"minecraft:acacia_slab":32,"minecraft:melon_seeds":3,"minecraft:stone_axe":237,"minecraft:blue_carpet":8,"minecraft:cobblestone":136,"minecraft:beef":4,"minecraft:oak_sapling":1,"minecraft:stripped_oak_wood":2,"alexsmobs:animal_dictionary":14,"minecraft:egg":1,"minecraft:acacia_planks":49,"minecraft:orange_terracotta":4,"minecraft:light_gray_bed":1},"minecraft:killed":{"minecraft:sheep":3,"luminousworld:savannah_skeleton":1,"minecraft:chicken":2,"luminousworld:charaxes":1,"minecraft:cow":3},"minecraft:dropped":{"minecraft:bread":38,"minecraft:stone_axe":1,"minecraft:wheat_seeds":181,"minecraft:cocoa_beans":8,"minecraft:wheat":3,"minecraft:feather":2,"minecraft:cobblestone":24,"minecraft:rotten_flesh":8,"minecraft:leather":3,"minecraft:stick":15,"minecraft:dirt":11,"minecraft:melon_seeds":4,"minecraft:oak_sapling":2,"minecraft:wooden_pickaxe":1,"minecraft:blue_carpet":3,"minecraft:white_wool":4,"minecraft:acacia_planks":1},"minecraft:killed_by":{"minecraft:player":1},"minecraft:mined":{"minecraft:yellow_terracotta":2,"minecraft:blue_carpet":8,"minecraft:attached_melon_stem":1,"minecraft:melon_stem":3,"minecraft:orange_terracotta":4,"minecraft:torch":1,"minecraft:acacia_log":96,"minecraft:grass_block":30,"minecraft:melon":1,"minecraft:chest":1,"minecraft:jungle_log":7,"minecraft:light_gray_bed":1,"minecraft:tall_grass":19,"minecraft:cobblestone":12,"minecraft:acacia_slab":2,"minecraft:hay_block":10,"minecraft:birch_log":26,"minecraft:wheat":151,"minecraft:orange_stained_glass_pane":3,"minecraft:birch_leaves":1,"minecraft:stripped_oak_wood":2,"minecraft:grass":47,"minecraft:oak_log":67,"minecraft:dirt_path":1,"minecraft:acacia_fence":1,"minecraft:dirt":21,"minecraft:acacia_planks":1,"minecraft:stone":175,"minecraft:oak_leaves":1},"minecraft:crafted":{"minecraft:oak_planks":28,"minecraft:crafting_table":2,"minecraft:acacia_slab":30,"minecraft:wooden_pickaxe":1,"minecraft:acacia_trapdoor":2,"minecraft:stone_axe":3,"minecraft:bread":58,"minecraft:stick":20,"minecraft:stone_pickaxe":2,"minecraft:wooden_axe":2,"minecraft:chest":2,"minecraft:acacia_planks":168,"minecraft:wheat":81},"minecraft:broken":{"minecraft:stone_pickaxe":1,"minecraft:stone_axe":1,"minecraft:wooden_axe":2}},"DataVersion":3465}