{"stats":{"minecraft:killed_by":{"minecraft:vindicator":1},"minecraft:custom":{"minecraft:time_since_rest":1720,"minecraft:open_chest":4,"minecraft:walk_one_cm":12107,"minecraft:play_time":5534,"minecraft:sprint_one_cm":30085,"minecraft:damage_taken":290,"minecraft:deaths":1,"minecraft:walk_under_water_one_cm":180,"minecraft:mob_kills":1,"minecraft:drop":4,"minecraft:jump":214,"minecraft:damage_dealt":50,"minecraft:time_since_death":2317,"minecraft:walk_on_water_one_cm":2349,"minecraft:total_world_time":5534,"minecraft:swim_one_cm":286,"minecraft:fall_one_cm":4219,"minecraft:fly_one_cm":44303},"minecraft:mined":{"luminousworld:savannah_grass_1":1,"minecraft:grass":1,"luminousworld:savanna_grass_2":1},"minecraft:killed":{"earthmobsmod:duck":1},"minecraft:picked_up":{"minecraft:cooked_mutton":1,"minecraft:item_frame":1,"minecraft:feather":2,"minecraft:apple":1,"minecraft:salmon":1,"minecraft:iron_ingot":1},"minecraft:dropped":{"tombstone:grave_key":1,"minecraft:item_frame":1,"minecraft:feather":2}},"DataVersion":3465}