{"stats":{"minecraft:picked_up":{"minecraft:cocoa_beans":8,"minecraft:wheat":108,"minecraft:chicken":2,"minecraft:lead":2,"minecraft:raw_copper":40,"minecraft:cobbled_deepslate":709,"minecraft:beef":4,"minecraft:cobblestone_slab":6,"born_in_chaos_v1:gnawed_bones":2,"minecraft:melon_slice":7,"minecraft:chest":2,"minecraft:egg":1,"minecraft:stick":69,"minecraft:raw_iron":24,"minecraft:torch":3,"minecraft:acacia_log":131,"minecraft:diorite":28,"minecraft:blue_carpet":12,"minecraft:arrow":1,"minecraft:stone_sword":1,"minecraft:rotten_flesh":17,"minecraft:light_gray_bed":1,"minecraft:hay_block":9,"minecraft:yellow_terracotta":2,"minecraft:saddle":1,"supplementaries:ash":1,"minecraft:mutton":5,"minecraft:cobblestone":1238,"minecraft:white_wool":4,"minecraft:birch_log":26,"born_in_chaos_v1:corpse_maggot":8,"minecraft:feather":2,"born_in_chaos_v1:monster_flesh":4,"minecraft:andesite":7,"minecraft:jungle_log":7,"minecraft:leather":7,"minecraft:flint":3,"minecraft:tuff":24,"stalwart_dungeons:diamond_hammer":2,"minecraft:oak_log":70,"minecraft:lapis_lazuli":41,"minecraft:dirt":87,"born_in_chaos_v1:monster_skin":4,"minecraft:orange_terracotta":4,"minecraft:bone":1,"minecraft:acacia_planks":5,"minecraft:wheat_seeds":463,"minecraft:raw_gold":6,"minecraft:stripped_oak_wood":2,"minecraft:acacia_sapling":25,"minecraft:oak_planks":48,"luminousworld:bass_item":1,"minecraft:gravel":10,"minecraft:slime_ball":1,"minecraft:diamond":28,"minecraft:stone_axe":2,"minecraft:granite":59,"vanillaplustools:stone_hammer":1,"minecraft:bread":12,"minecraft:oak_sapling":3,"minecraft:acacia_slab":2,"minecraft:melon_seeds":9,"minecraft:coal":30},"minecraft:custom":{"minecraft:interact_with_smithing_table":1,"minecraft:mob_kills":20,"minecraft:interact_with_crafting_table":55,"minecraft:leave_game":5,"minecraft:time_since_death":41023,"minecraft:climb_one_cm":621,"minecraft:sprint_one_cm":559435,"minecraft:walk_one_cm":467442,"minecraft:drop":535,"minecraft:talked_to_villager":2,"minecraft:play_time":230802,"minecraft:deaths":7,"minecraft:sneak_time":811,"minecraft:walk_under_water_one_cm":15660,"minecraft:jump":3905,"minecraft:walk_on_water_one_cm":45263,"minecraft:total_world_time":230802,"minecraft:interact_with_furnace":13,"minecraft:interact_with_stonecutter":4,"minecraft:interact_with_grindstone":1,"minecraft:sleep_in_bed":6,"minecraft:time_since_rest":39941,"minecraft:damage_taken":3471,"minecraft:damage_dealt":4184,"minecraft:swim_one_cm":60209,"minecraft:fly_one_cm":492200,"minecraft:open_chest":83,"minecraft:crouch_one_cm":1586,"tombstone:undead_killed":1,"minecraft:fall_one_cm":78238},"minecraft:used":{"minecraft:stone_sword":115,"minecraft:chest":4,"minecraft:iron_sword":8,"vanillaplustools:stone_hammer":232,"luminousworld:bass_item":1,"minecraft:rotten_flesh":2,"minecraft:torch":29,"minecraft:dirt":38,"minecraft:mutton":5,"minecraft:acacia_sapling":25,"minecraft:granite":1,"born_in_chaos_v1:corpse_maggot":4,"minecraft:wooden_axe":139,"minecraft:acacia_slab":32,"stalwart_dungeons:diamond_hammer":138,"minecraft:melon_seeds":3,"minecraft:beef":4,"minecraft:oak_sapling":1,"tombstone:gift":2,"minecraft:egg":1,"minecraft:cobbled_deepslate":101,"minecraft:acacia_planks":49,"minecraft:orange_terracotta":4,"minecraft:light_gray_bed":1,"minecraft:wheat_seeds":64,"minecraft:acacia_trapdoor":2,"minecraft:stone_pickaxe":200,"minecraft:oak_planks":27,"minecraft:wooden_pickaxe":31,"minecraft:yellow_terracotta":2,"minecraft:crafting_table":2,"minecraft:apple":1,"minecraft:melon_slice":7,"minecraft:chicken":2,"minecraft:bread":39,"minecraft:stone_axe":329,"minecraft:blue_carpet":9,"minecraft:cobblestone":423,"minecraft:stripped_oak_wood":2,"alexsmobs:animal_dictionary":18},"minecraft:killed":{"minecraft:chicken":2,"luminousworld:bass_fish":1,"luminousworld:charaxes":1,"minecraft:sheep":3,"alexsmobs:catfish":1,"minecraft:trader_llama":2,"luminousworld:savannah_skeleton":1,"born_in_chaos_v1:dread_hound":3,"born_in_chaos_v1:corpse_fly":3,"minecraft:cow":3},"minecraft:dropped":{"minecraft:bread":38,"minecraft:wheat_seeds":344,"minecraft:oak_log":8,"minecraft:feather":2,"minecraft:cobblestone":180,"minecraft:leather":3,"minecraft:granite":6,"minecraft:acacia_log":51,"minecraft:stick":16,"minecraft:dirt":34,"minecraft:diorite":23,"minecraft:birch_log":26,"minecraft:blue_carpet":3,"minecraft:white_wool":4,"minecraft:acacia_planks":1,"minecraft:bone":1,"minecraft:gravel":10,"minecraft:stone_axe":3,"minecraft:stone_sword":1,"minecraft:cobbled_deepslate":475,"minecraft:cocoa_beans":8,"minecraft:tuff":24,"minecraft:wheat":8,"minecraft:raw_iron":4,"minecraft:rotten_flesh":15,"stalwart_dungeons:diamond_hammer":1,"minecraft:cobblestone_slab":6,"minecraft:melon_seeds":6,"born_in_chaos_v1:corpse_maggot":4,"minecraft:oak_sapling":2,"vanillaplustools:stone_hammer":1,"minecraft:arrow":1,"minecraft:wooden_pickaxe":1,"minecraft:raw_gold":5},"minecraft:killed_by":{"minecraft:player":1,"undead_revamp2:the_moonflower":2,"born_in_chaos_v1:corpse_fly":1},"minecraft:mined":{"minecraft:yellow_terracotta":2,"minecraft:blue_carpet":9,"minecraft:tuff":27,"minecraft:attached_melon_stem":1,"minecraft:farmland":1,"minecraft:deepslate_diamond_ore":29,"minecraft:granite":64,"minecraft:acacia_log":149,"minecraft:grass_block":31,"minecraft:jungle_log":7,"minecraft:light_gray_bed":1,"minecraft:acacia_slab":2,"minecraft:hay_block":10,"minecraft:iron_ore":17,"minecraft:cobbled_deepslate":4,"minecraft:fire":4,"minecraft:orange_stained_glass_pane":5,"minecraft:andesite":8,"minecraft:deepslate_lapis_ore":7,"minecraft:deepslate_iron_ore":11,"minecraft:dirt_path":3,"minecraft:stone":1224,"minecraft:acacia_leaves":9,"minecraft:melon_stem":3,"minecraft:orange_terracotta":4,"minecraft:torch":3,"minecraft:melon":1,"minecraft:chest":2,"minecraft:tall_grass":21,"minecraft:copper_ore":9,"minecraft:cobblestone":26,"minecraft:deepslate_gold_ore":6,"minecraft:diorite":30,"minecraft:wall_torch":1,"minecraft:birch_log":26,"minecraft:wheat":157,"minecraft:birch_leaves":1,"minecraft:stripped_oak_wood":2,"minecraft:grass":65,"minecraft:oak_log":76,"minecraft:coal_ore":35,"minecraft:acacia_fence":1,"minecraft:gravel":13,"minecraft:dirt":52,"minecraft:acacia_planks":1,"minecraft:oak_leaves":5,"minecraft:deepslate":628},"minecraft:crafted":{"minecraft:oak_planks":28,"minecraft:cobblestone_slab":6,"vanillaplustools:stone_hammer":2,"minecraft:diamond_helmet":1,"minecraft:diamond_leggings":1,"minecraft:stone_pickaxe":21,"minecraft:chest":2,"aether:diamond_gloves":1,"minecraft:diamond_boots":1,"minecraft:wheat":81,"minecraft:crafting_table":2,"minecraft:acacia_slab":30,"minecraft:wooden_pickaxe":1,"minecraft:iron_sword":1,"minecraft:acacia_trapdoor":2,"minecraft:stone_axe":6,"minecraft:bread":60,"minecraft:stick":56,"minecraft:wooden_axe":2,"minecraft:acacia_planks":168,"minecraft:torch":28,"minecraft:diamond_chestplate":1},"minecraft:broken":{"minecraft:stone_pickaxe":1,"vanillaplustools:stone_hammer":1,"minecraft:stone_axe":1,"minecraft:wooden_axe":2}},"DataVersion":3465}