{"stats":{"minecraft:killed_by":{"minecraft:vindicator":1,"alexsmobs:crocodile":1,"undead_revamp2:theheavy":1},"minecraft:crafted":{"minecraft:smooth_stone":1,"minecraft:oak_planks":4,"minecraft:crafting_table":1,"minecraft:iron_sword":1,"minecraft:stone":2,"stalwart_dungeons:diamond_hammer":1,"minecraft:bread":5,"quark:acacia_ladder":4,"minecraft:diamond_leggings":1,"minecraft:stick":16,"minecraft:iron_ingot":13,"minecraft:iron_pickaxe":1,"minecraft:diamond_boots":1,"minecraft:acacia_planks":32,"minecraft:diamond_chestplate":1},"minecraft:custom":{"minecraft:interact_with_furnace":19,"minecraft:mob_kills":5,"minecraft:interact_with_crafting_table":19,"minecraft:damage_dealt_resisted":40,"minecraft:leave_game":1,"minecraft:time_since_death":2348,"minecraft:sleep_in_bed":2,"minecraft:time_since_rest":1852,"minecraft:sprint_one_cm":292969,"minecraft:damage_taken":2203,"minecraft:walk_one_cm":143317,"minecraft:drop":252,"minecraft:damage_dealt":1571,"minecraft:swim_one_cm":11254,"minecraft:fly_one_cm":313518,"minecraft:talked_to_villager":5,"minecraft:open_chest":13,"minecraft:crouch_one_cm":1240,"minecraft:play_time":76905,"minecraft:deaths":6,"minecraft:sneak_time":358,"minecraft:walk_under_water_one_cm":2993,"minecraft:jump":1796,"minecraft:walk_on_water_one_cm":12132,"minecraft:total_world_time":76905,"minecraft:fall_one_cm":47724},"minecraft:mined":{"luminousworld:savannah_soil":47,"minecraft:tuff":12,"minecraft:scaffolding":2,"minecraft:deepslate_diamond_ore":40,"minecraft:melon_stem":3,"minecraft:stone_brick_slab":3,"minecraft:dandelion":1,"minecraft:crafting_table":1,"luminousworld:savannah_grass_1":24,"minecraft:acacia_log":8,"minecraft:poppy":1,"minecraft:campfire":4,"luminousworld:grassflowers":1,"minecraft:tall_grass":11,"luminousworld:savanna_grass_2":26,"minecraft:hay_block":8,"quark:acacia_ladder":3,"minecraft:cobbled_deepslate":31,"minecraft:wheat":262,"minecraft:yellow_bed":1,"minecraft:stone_brick_stairs":1,"minecraft:grass":15,"minecraft:stone":2,"minecraft:cracked_stone_bricks":3,"minecraft:acacia_planks":1,"minecraft:stone_bricks":3,"luminousworld:elephant_grass":9,"luminousworld:savannah_grass_4":19,"minecraft:deepslate":182,"luminousworld:savannah_ground":24},"minecraft:killed":{"earthmobsmod:duck":1,"minecraft:iron_golem":1,"naturalist:bass":2},"minecraft:picked_up":{"minecraft:wooden_axe":1,"minecraft:charcoal":8,"luminousworld:groundpebbles_1":2,"luminousworld:savannah_ground":35,"minecraft:wheat":182,"minecraft:feather":3,"minecraft:chicken":9,"minecraft:salmon":2,"minecraft:andesite":2,"luminousworld:ishstone":13,"minecraft:leather":2,"minecraft:potato":8,"minecraft:tuff":78,"minecraft:stone_brick_stairs":8,"minecraft:oak_log":1,"minecraft:yellow_bed":1,"born_in_chaos_v1:black_argillite":1,"minecraft:lapis_lazuli":5,"minecraft:raw_copper":7,"minecraft:wooden_sword":1,"naturalist:bass":2,"minecraft:cooked_mutton":1,"minecraft:item_frame":5,"minecraft:armor_stand":1,"minecraft:experience_bottle":2,"minecraft:acacia_planks":1,"minecraft:apple":1,"minecraft:stone_bricks":12,"minecraft:cracked_stone_bricks":8,"minecraft:wheat_seeds":562,"minecraft:cobbled_deepslate":1024,"earthmobsmod:duck_egg":1,"minecraft:iron_ingot":16,"luminousworld:elephant_grass":12,"minecraft:mossy_stone_bricks":5,"minecraft:poppy":2,"minecraft:sugar_cane":1,"minecraft:book":1,"minecraft:scaffolding":2,"minecraft:stick":1,"minecraft:cooked_porkchop":4,"minecraft:stone_brick_slab":11,"minecraft:acacia_log":8,"luminousworld:savannah_soil":39,"minecraft:porkchop":4,"minecraft:diorite":4,"minecraft:redstone":9,"minecraft:golden_chestplate":1,"luminousworld:yellow_grassflowers":1,"minecraft:diamond":38,"minecraft:hay_block":8,"minecraft:crafting_table":1,"minecraft:gold_ingot":1,"minecraft:emerald":1,"minecraft:melon_seeds":1,"quark:acacia_ladder":3,"minecraft:cobblestone":3},"minecraft:used":{"minecraft:mossy_stone_bricks":5,"minecraft:iron_sword":5,"luminousworld:savannah_ground":3,"minecraft:salmon":1,"minecraft:crafting_table":1,"minecraft:cod":2,"minecraft:book":1,"minecraft:stone_brick_slab":6,"earthmobsmod:duck_egg":1,"minecraft:apple":1,"minecraft:chicken":9,"minecraft:bread":9,"minecraft:iron_pickaxe":57,"stalwart_dungeons:diamond_hammer":273,"minecraft:item_frame":1,"minecraft:cobblestone":1,"quark:acacia_ladder":1,"luminousworld:savannah_soil":37,"minecraft:scaffolding":2,"minecraft:porkchop":1,"minecraft:yellow_bed":1,"minecraft:potato":17,"minecraft:cobbled_deepslate":134,"minecraft:acacia_planks":3,"naturalist:bass":2,"minecraft:cooked_mutton":1},"minecraft:dropped":{"minecraft:iron_ingot":24,"minecraft:sugar_cane":1,"minecraft:wheat_seeds":559,"minecraft:golden_chestplate":1,"minecraft:cobbled_deepslate":544,"luminousworld:ishstone":13,"minecraft:diamond":3,"minecraft:tuff":58,"minecraft:wheat":2,"tombstone:gift":1,"minecraft:feather":3,"minecraft:cobblestone":2,"minecraft:leather":2,"minecraft:cracked_stone_bricks":8,"luminousworld:savannah_soil":2,"minecraft:item_frame":4,"minecraft:stick":4,"luminousworld:yellow_grassflowers":1,"minecraft:poppy":2,"born_in_chaos_v1:black_argillite":1,"minecraft:diorite":4,"tombstone:grave_key":1,"minecraft:melon_seeds":1,"minecraft:charcoal":8,"luminousworld:groundpebbles_1":2,"minecraft:andesite":64,"luminousworld:savannah_ground":32,"minecraft:stone_bricks":13,"luminousworld:elephant_grass":9,"minecraft:stone_brick_stairs":8,"minecraft:stone_brick_slab":5,"minecraft:armor_stand":1}},"DataVersion":3465}