{"stats":{"minecraft:custom":{"minecraft:interact_with_furnace":5,"minecraft:mob_kills":13,"minecraft:interact_with_crafting_table":42,"minecraft:interact_with_grindstone":1,"minecraft:leave_game":2,"minecraft:time_since_death":2634,"minecraft:sleep_in_bed":4,"minecraft:climb_one_cm":621,"minecraft:time_since_rest":2138,"minecraft:sprint_one_cm":344751,"minecraft:damage_taken":1556,"minecraft:walk_one_cm":301529,"minecraft:drop":340,"minecraft:damage_dealt":1585,"minecraft:swim_one_cm":21949,"minecraft:talked_to_villager":2,"minecraft:fly_one_cm":325659,"minecraft:open_chest":42,"minecraft:crouch_one_cm":961,"minecraft:play_time":146067,"tombstone:undead_killed":1,"minecraft:deaths":3,"minecraft:sneak_time":516,"minecraft:walk_under_water_one_cm":4915,"minecraft:jump":2122,"minecraft:walk_on_water_one_cm":21853,"minecraft:total_world_time":146067,"minecraft:fall_one_cm":45263},"minecraft:picked_up":{"minecraft:birch_log":26,"minecraft:cocoa_beans":8,"minecraft:wheat":100,"minecraft:feather":2,"minecraft:chicken":2,"born_in_chaos_v1:monster_flesh":2,"minecraft:jungle_log":7,"minecraft:leather":5,"minecraft:flint":3,"minecraft:oak_log":62,"minecraft:dirt":75,"minecraft:raw_copper":16,"born_in_chaos_v1:monster_skin":2,"minecraft:orange_terracotta":4,"minecraft:acacia_planks":5,"minecraft:wheat_seeds":378,"minecraft:beef":4,"born_in_chaos_v1:gnawed_bones":1,"minecraft:stripped_oak_wood":2,"minecraft:melon_slice":7,"minecraft:chest":1,"minecraft:oak_planks":33,"minecraft:acacia_sapling":25,"minecraft:egg":1,"minecraft:stick":49,"minecraft:torch":3,"minecraft:acacia_log":80,"minecraft:gravel":10,"minecraft:blue_carpet":11,"minecraft:rotten_flesh":8,"minecraft:light_gray_bed":1,"minecraft:slime_ball":1,"minecraft:stone_axe":1,"minecraft:hay_block":9,"minecraft:coal":29,"minecraft:bread":2,"minecraft:yellow_terracotta":2,"minecraft:melon_seeds":7,"minecraft:oak_sapling":3,"minecraft:acacia_slab":2,"minecraft:mutton":5,"minecraft:white_wool":4,"minecraft:cobblestone":1054},"minecraft:used":{"minecraft:wheat_seeds":64,"minecraft:acacia_trapdoor":2,"minecraft:stone_pickaxe":192,"minecraft:oak_planks":12,"minecraft:chest":3,"minecraft:wooden_pickaxe":31,"vanillaplustools:stone_hammer":125,"minecraft:torch":10,"minecraft:dirt":31,"minecraft:mutton":5,"minecraft:yellow_terracotta":2,"minecraft:crafting_table":2,"minecraft:acacia_sapling":25,"minecraft:wooden_axe":139,"minecraft:apple":1,"minecraft:melon_slice":7,"minecraft:chicken":2,"minecraft:bread":18,"minecraft:acacia_slab":32,"minecraft:melon_seeds":3,"minecraft:stone_axe":252,"minecraft:blue_carpet":8,"minecraft:cobblestone":286,"minecraft:beef":4,"minecraft:oak_sapling":1,"minecraft:stripped_oak_wood":2,"alexsmobs:animal_dictionary":14,"minecraft:egg":1,"minecraft:acacia_planks":49,"minecraft:orange_terracotta":4,"minecraft:light_gray_bed":1},"minecraft:killed":{"minecraft:sheep":3,"luminousworld:savannah_skeleton":1,"born_in_chaos_v1:dread_hound":3,"minecraft:chicken":2,"luminousworld:charaxes":1,"minecraft:cow":3},"minecraft:dropped":{"minecraft:bread":38,"minecraft:stone_axe":1,"minecraft:wheat_seeds":249,"minecraft:cocoa_beans":8,"minecraft:wheat":3,"minecraft:feather":2,"minecraft:cobblestone":24,"minecraft:rotten_flesh":8,"minecraft:leather":3,"minecraft:stick":15,"minecraft:dirt":11,"minecraft:melon_seeds":4,"minecraft:oak_sapling":2,"minecraft:wooden_pickaxe":1,"minecraft:blue_carpet":3,"minecraft:white_wool":4,"minecraft:acacia_planks":1},"minecraft:killed_by":{"minecraft:player":1},"minecraft:mined":{"minecraft:yellow_terracotta":2,"minecraft:blue_carpet":8,"minecraft:attached_melon_stem":1,"minecraft:melon_stem":3,"minecraft:orange_terracotta":4,"minecraft:torch":1,"minecraft:acacia_log":96,"minecraft:grass_block":30,"minecraft:melon":1,"minecraft:chest":1,"minecraft:jungle_log":7,"minecraft:light_gray_bed":1,"minecraft:copper_ore":5,"minecraft:tall_grass":19,"minecraft:cobblestone":24,"minecraft:acacia_slab":2,"minecraft:wall_torch":1,"minecraft:hay_block":10,"minecraft:birch_log":26,"minecraft:fire":4,"minecraft:wheat":154,"minecraft:orange_stained_glass_pane":3,"minecraft:birch_leaves":1,"minecraft:stripped_oak_wood":2,"minecraft:grass":49,"minecraft:coal_ore":34,"minecraft:oak_log":67,"minecraft:dirt_path":1,"minecraft:acacia_fence":1,"minecraft:gravel":13,"minecraft:dirt":44,"minecraft:acacia_planks":1,"minecraft:stone":1039,"minecraft:oak_leaves":1},"minecraft:crafted":{"minecraft:oak_planks":28,"minecraft:cobblestone_slab":6,"vanillaplustools:stone_hammer":2,"minecraft:crafting_table":2,"minecraft:acacia_slab":30,"minecraft:wooden_pickaxe":1,"minecraft:acacia_trapdoor":2,"minecraft:stone_axe":3,"minecraft:bread":58,"minecraft:stick":56,"minecraft:stone_pickaxe":21,"minecraft:wooden_axe":2,"minecraft:chest":2,"minecraft:acacia_planks":168,"minecraft:torch":28,"minecraft:wheat":81},"minecraft:broken":{"minecraft:stone_pickaxe":1,"vanillaplustools:stone_hammer":1,"minecraft:stone_axe":1,"minecraft:wooden_axe":2}},"DataVersion":3465}