{"stats":{"minecraft:mined":{"minecraft:tuff":12,"minecraft:attached_melon_stem":1,"minecraft:deepslate_diamond_ore":40,"minecraft:acacia_log":8,"luminousworld:savanna_grass_2":30,"minecraft:hay_block":8,"quark:acacia_ladder":3,"minecraft:cobbled_deepslate":31,"minecraft:stone":2,"luminousworld:savannah_soil":47,"minecraft:scaffolding":2,"minecraft:melon_stem":9,"minecraft:stone_brick_slab":3,"minecraft:dandelion":1,"minecraft:crafting_table":1,"minecraft:torch":3,"luminousworld:savannah_grass_1":27,"minecraft:poppy":1,"minecraft:campfire":4,"luminousworld:grassflowers":2,"minecraft:tall_grass":19,"minecraft:sugar_cane":14,"minecraft:wheat":386,"minecraft:yellow_bed":1,"minecraft:stone_brick_stairs":1,"minecraft:grass":33,"minecraft:oak_log":2,"luminousworld:grassvariant_3":1,"minecraft:cracked_stone_bricks":3,"minecraft:acacia_planks":1,"minecraft:stone_bricks":3,"luminousworld:savannah_grass_4":26,"luminousworld:elephant_grass":10,"minecraft:oak_leaves":18,"minecraft:deepslate":182,"minecraft:fern":4,"luminousworld:savannah_ground":24},"minecraft:crafted":{"minecraft:smooth_stone":1,"minecraft:oak_planks":12,"minecraft:stone":2,"stalwart_dungeons:diamond_hammer":1,"quark:acacia_ladder":4,"quark:acacia_chest":1,"minecraft:diamond_helmet":1,"minecraft:diamond_leggings":1,"minecraft:diamond_boots":1,"minecraft:wheat":72,"minecraft:crafting_table":1,"minecraft:iron_sword":1,"minecraft:bread":117,"minecraft:stick":16,"quark:oak_chest":1,"minecraft:iron_pickaxe":1,"minecraft:iron_ingot":13,"minecraft:acacia_planks":32,"minecraft:diamond_chestplate":1},"minecraft:picked_up":{"minecraft:wooden_axe":1,"luminousworld:groundpebbles_1":2,"minecraft:charcoal":8,"minecraft:crafting_table":1,"minecraft:wheat":320,"minecraft:chainmail_boots":1,"minecraft:chicken":9,"minecraft:stone_brick_stairs":8,"born_in_chaos_v1:black_argillite":1,"minecraft:raw_copper":7,"minecraft:wooden_sword":1,"minecraft:item_frame":5,"minecraft:armor_stand":1,"minecraft:experience_bottle":3,"minecraft:cracked_stone_bricks":8,"minecraft:cobbled_deepslate":1024,"earthmobsmod:duck_egg":1,"minecraft:poppy":2,"minecraft:sugar_cane":12,"minecraft:stick":1,"minecraft:acacia_log":8,"luminousworld:savannah_soil":39,"minecraft:porkchop":4,"minecraft:diorite":4,"minecraft:redstone":9,"minecraft:golden_chestplate":1,"luminousworld:grassflowers":1,"minecraft:arrow":6,"minecraft:rotten_flesh":3,"luminousworld:yellow_grassflowers":1,"minecraft:hay_block":8,"minecraft:gold_ingot":2,"minecraft:mutton":1,"quark:acacia_ladder":3,"minecraft:cobblestone":3,"born_in_chaos_v1:corpse_maggot":2,"luminousworld:savannah_ground":35,"minecraft:feather":3,"minecraft:andesite":2,"minecraft:salmon":2,"luminousworld:ishstone":13,"minecraft:leather":2,"minecraft:potato":8,"minecraft:tuff":78,"minecraft:oak_log":3,"stalwart_dungeons:diamond_hammer":4,"minecraft:yellow_bed":1,"minecraft:lapis_lazuli":5,"minecraft:cooked_mutton":1,"naturalist:bass":2,"minecraft:acacia_planks":1,"minecraft:apple":2,"minecraft:stone_bricks":12,"minecraft:wheat_seeds":819,"minecraft:iron_ingot":16,"luminousworld:elephant_grass":14,"minecraft:mossy_stone_bricks":5,"minecraft:book":1,"minecraft:scaffolding":2,"minecraft:cooked_porkchop":4,"minecraft:stone_brick_slab":11,"born_in_chaos_v1:ethereal_spirit":4,"minecraft:bundle":1,"minecraft:diamond":38,"minecraft:emerald":1,"minecraft:oak_sapling":1,"minecraft:melon_seeds":7,"iceandfire:raw_silver":1},"minecraft:killed":{"earthmobsmod:duck":1,"luminousworld:swallowtail":1,"born_in_chaos_v1:scarlet_persecutor":2,"minecraft:skeleton":1,"naturalist:bass":2,"minecraft:iron_golem":1,"luminousworld:savannah_skeleton":1,"alexsmobs:gazelle":1,"born_in_chaos_v1:corpse_fly":6},"minecraft:dropped":{"minecraft:iron_ingot":24,"minecraft:bread":21,"iceandfire:raw_silver":1,"minecraft:wheat_seeds":839,"luminousworld:ishstone":13,"minecraft:diamond":3,"minecraft:feather":3,"minecraft:cobblestone":3,"minecraft:leather":2,"minecraft:cracked_stone_bricks":8,"minecraft:item_frame":4,"minecraft:stick":4,"born_in_chaos_v1:black_argillite":1,"minecraft:diorite":4,"tombstone:grave_key":1,"luminousworld:savannah_ground":32,"minecraft:stone_brick_slab":5,"minecraft:gold_ingot":1,"minecraft:armor_stand":1,"minecraft:sugar_cane":12,"minecraft:golden_chestplate":1,"minecraft:cobbled_deepslate":544,"minecraft:tuff":58,"minecraft:wheat":2,"born_in_chaos_v1:ethereal_spirit":3,"tombstone:gift":1,"luminousworld:savannah_soil":2,"stalwart_dungeons:diamond_hammer":3,"luminousworld:yellow_grassflowers":1,"minecraft:poppy":2,"luminousworld:grassflowers":1,"minecraft:charcoal":8,"luminousworld:groundpebbles_1":2,"minecraft:andesite":64,"minecraft:melon_seeds":7,"minecraft:chainmail_boots":1,"minecraft:stone_bricks":13,"luminousworld:elephant_grass":13,"minecraft:arrow":6,"minecraft:stone_brick_stairs":8},"minecraft:used":{"minecraft:iron_sword":5,"minecraft:rotten_flesh":3,"luminousworld:savannah_ground":3,"minecraft:mutton":1,"born_in_chaos_v1:corpse_maggot":2,"minecraft:stone_brick_slab":6,"stalwart_dungeons:diamond_hammer":481,"luminousworld:elephant_grass":1,"minecraft:item_frame":1,"quark:acacia_ladder":1,"luminousworld:savannah_soil":37,"minecraft:scaffolding":2,"minecraft:oak_sapling":1,"minecraft:potato":17,"minecraft:cobbled_deepslate":134,"minecraft:acacia_planks":3,"naturalist:bass":2,"minecraft:cooked_mutton":1,"minecraft:mossy_stone_bricks":5,"minecraft:salmon":1,"minecraft:crafting_table":2,"quark:acacia_chest":1,"minecraft:cod":2,"minecraft:book":1,"earthmobsmod:duck_egg":1,"minecraft:apple":2,"minecraft:chicken":9,"minecraft:bread":13,"minecraft:iron_pickaxe":58,"minecraft:cobblestone":1,"minecraft:porkchop":4,"minecraft:cooked_porkchop":2,"minecraft:yellow_bed":1,"quark:oak_chest":1},"minecraft:killed_by":{"minecraft:player":1,"minecraft:vindicator":1,"alexsmobs:crocodile":1,"born_in_chaos_v1:scarlet_persecutor":1,"undead_revamp2:theheavy":1},"minecraft:custom":{"minecraft:mob_kills":17,"minecraft:interact_with_crafting_table":25,"minecraft:open_barrel":11,"minecraft:damage_dealt_resisted":40,"minecraft:leave_game":4,"minecraft:time_since_death":30526,"minecraft:climb_one_cm":4435,"minecraft:sprint_one_cm":448467,"minecraft:walk_one_cm":223752,"minecraft:drop":319,"minecraft:talked_to_villager":5,"minecraft:play_time":121795,"minecraft:deaths":8,"minecraft:sneak_time":472,"minecraft:walk_under_water_one_cm":4033,"minecraft:jump":2574,"minecraft:walk_on_water_one_cm":16876,"minecraft:total_world_time":121795,"minecraft:interact_with_furnace":19,"minecraft:sleep_in_bed":2,"minecraft:time_since_rest":30338,"minecraft:damage_taken":2995,"minecraft:damage_dealt":4397,"minecraft:swim_one_cm":26335,"minecraft:fly_one_cm":442968,"minecraft:player_kills":1,"minecraft:open_chest":34,"minecraft:crouch_one_cm":1402,"tombstone:undead_killed":2,"minecraft:fall_one_cm":67522}},"DataVersion":3465}