{"stats":{"minecraft:mined":{"minecraft:attached_melon_stem":1,"minecraft:tuff":12,"minecraft:deepslate_diamond_ore":40,"minecraft:acacia_log":9,"luminousworld:grassvariant_2":1,"luminousworld:savanna_grass_2":46,"minecraft:spawner":6,"minecraft:hay_block":8,"quark:acacia_ladder":3,"minecraft:fire":2,"minecraft:cobbled_deepslate":32,"minecraft:cave_vines":1,"minecraft:potted_cornflower":1,"minecraft:stone":21,"luminousworld:savannah_soil":76,"minecraft:acacia_leaves":2,"minecraft:scaffolding":2,"luminousworld:tall_deadbush":5,"minecraft:melon_stem":9,"minecraft:stone_brick_slab":3,"minecraft:dandelion":1,"minecraft:red_banner":1,"minecraft:oak_fence":1,"minecraft:crafting_table":1,"minecraft:torch":3,"luminousworld:savannah_grass_1":47,"minecraft:poppy":1,"minecraft:calcite":6,"minecraft:campfire":4,"luminousworld:grassflowers":2,"minecraft:tall_grass":31,"minecraft:cobblestone":1,"minecraft:sugar_cane":14,"minecraft:wheat":408,"minecraft:stone_brick_stairs":1,"minecraft:yellow_bed":1,"minecraft:grass":56,"minecraft:oak_log":2,"luminousworld:ishstone":1,"minecraft:acacia_fence":1,"minecraft:gray_carpet":1,"luminousworld:grassvariant_3":1,"minecraft:tripwire_hook":2,"minecraft:cracked_stone_bricks":3,"minecraft:acacia_planks":3,"minecraft:stone_bricks":3,"luminousworld:elephant_grass":21,"luminousworld:savannah_grass_4":42,"minecraft:oak_leaves":18,"minecraft:deepslate":182,"minecraft:fern":4,"luminousworld:savannah_ground":25,"minecraft:dark_oak_planks":1},"minecraft:crafted":{"minecraft:smooth_stone":3,"minecraft:oak_planks":12,"minecraft:stone":4,"stalwart_dungeons:diamond_hammer":2,"minecraft:cooked_mutton":12,"quark:acacia_ladder":4,"quark:acacia_chest":1,"minecraft:diamond_leggings":1,"minecraft:diamond_helmet":1,"minecraft:diamond_boots":1,"minecraft:wheat":72,"minecraft:cooked_porkchop":3,"minecraft:crafting_table":1,"minecraft:iron_sword":1,"minecraft:bread":117,"quark:oak_chest":1,"minecraft:stick":20,"minecraft:iron_ingot":13,"minecraft:iron_pickaxe":1,"minecraft:acacia_planks":36,"minecraft:diamond_chestplate":1},"minecraft:picked_up":{"minecraft:wooden_axe":1,"minecraft:charcoal":8,"minecraft:iron_chestplate":1,"luminousworld:groundpebbles_1":2,"minecraft:crafting_table":1,"minecraft:wheat":341,"minecraft:chicken":9,"minecraft:chainmail_boots":1,"iceandfire:witherbone":1,"minecraft:ladder":1,"minecraft:flower_pot":1,"minecraft:stone_brick_stairs":8,"born_in_chaos_v1:black_argillite":1,"minecraft:cornflower":2,"minecraft:raw_copper":7,"minecraft:dark_oak_trapdoor":2,"minecraft:iron_axe":1,"minecraft:wooden_sword":1,"minecraft:iron_leggings":1,"minecraft:armor_stand":7,"minecraft:item_frame":10,"minecraft:experience_bottle":3,"minecraft:diamond_leggings":3,"minecraft:cracked_stone_bricks":8,"alexsmobs:emu_feather":2,"minecraft:cobbled_deepslate":1025,"earthmobsmod:duck_egg":1,"minecraft:beef":5,"minecraft:player_head":1,"minecraft:calcite":6,"minecraft:poppy":2,"minecraft:light_gray_wool":1,"minecraft:sugar_cane":12,"minecraft:iron_boots":1,"minecraft:stick":1,"iceandfire:dragonbone":1,"minecraft:acacia_fence":1,"minecraft:oak_fence":1,"minecraft:acacia_log":9,"luminousworld:savannah_soil":67,"minecraft:porkchop":8,"minecraft:stone_button":1,"tombstone:grave_dust":2,"minecraft:mangrove_sign":1,"minecraft:diorite":4,"minecraft:redstone":9,"minecraft:golden_chestplate":1,"minecraft:dark_oak_planks":1,"luminousworld:grassflowers":2,"minecraft:stone_sword":1,"minecraft:arrow":16,"minecraft:diamond_chestplate":3,"minecraft:rotten_flesh":14,"luminousworld:yellow_grassflowers":1,"minecraft:diamond_boots":2,"minecraft:hay_block":8,"minecraft:gold_ingot":2,"sophisticatedbackpacks:copper_backpack":3,"luminousworld:tall_deadbush":5,"alexsmobs:kangaroo_meat":7,"minecraft:mutton":13,"minecraft:cobblestone":23,"quark:acacia_ladder":3,"minecraft:white_wool":7,"born_in_chaos_v1:fused_bone":1,"born_in_chaos_v1:corpse_maggot":2,"luminousworld:savannah_ground":36,"minecraft:feather":4,"minecraft:andesite":4,"minecraft:tripwire_hook":2,"minecraft:salmon":2,"luminousworld:ishstone":14,"minecraft:leather":5,"minecraft:potato":9,"minecraft:tuff":78,"minecraft:oak_log":4,"stalwart_dungeons:diamond_hammer":6,"minecraft:chainmail_chestplate":1,"iceandfire:ectoplasm":1,"minecraft:yellow_bed":1,"minecraft:lapis_lazuli":62,"minecraft:purple_carpet":1,"minecraft:cooked_mutton":2,"naturalist:bass":2,"minecraft:bone":9,"minecraft:acacia_planks":3,"minecraft:apple":2,"minecraft:stone_bricks":12,"minecraft:bow":7,"minecraft:wheat_seeds":869,"minecraft:iron_ingot":16,"luminousworld:elephant_grass":19,"minecraft:cooked_chicken":2,"minecraft:mossy_stone_bricks":5,"minecraft:diamond_helmet":2,"minecraft:iron_sword":1,"minecraft:dark_oak_stairs":2,"minecraft:book":4,"minecraft:scaffolding":2,"minecraft:cooked_porkchop":4,"minecraft:stone_brick_slab":11,"born_in_chaos_v1:ethereal_spirit":4,"minecraft:red_banner":2,"naturalist:duck_egg":1,"minecraft:bundle":1,"minecraft:diamond":38,"minecraft:iron_helmet":1,"minecraft:painting":1,"minecraft:golden_apple":2,"minecraft:bread":26,"minecraft:emerald":1,"minecraft:oak_sapling":1,"minecraft:melon_seeds":7,"iceandfire:raw_silver":1},"minecraft:killed":{"earthmobsmod:duck":1,"minecraft:spider":1,"luminousworld:swallowtail":1,"born_in_chaos_v1:scarlet_persecutor":2,"minecraft:horse":3,"minecraft:skeleton":6,"minecraft:bee":1,"naturalist:bass":2,"alexsmobs:kangaroo":1,"born_in_chaos_v1:spirit_guide":1,"minecraft:husk":6,"born_in_chaos_v1:baby_skeleton":2,"minecraft:iron_golem":1,"enemyexpansion:sprinter":1,"iceandfire:cockatrice":1,"alexsmobs:emu":1,"minecraft:sheep":8,"luminousworld:savannah_skeleton":2,"iceandfire:ghost":1,"born_in_chaos_v1:corpse_fly":6,"alexsmobs:gazelle":1,"enemyexpansion:botfly":5,"undead_revamp2:theskeeper":1,"bettermobs:capivara":1,"born_in_chaos_v1:door_knight":1,"luminousworld:zebra":1,"minecraft:villager":2,"minecraft:cow":2},"minecraft:dropped":{"minecraft:iron_ingot":29,"minecraft:bread":52,"iceandfire:raw_silver":1,"minecraft:dark_oak_stairs":2,"minecraft:wheat_seeds":883,"luminousworld:ishstone":13,"minecraft:diamond":44,"minecraft:oak_fence":1,"minecraft:iron_helmet":1,"minecraft:feather":4,"minecraft:cobblestone":3,"minecraft:book":3,"minecraft:leather":4,"iceandfire:ectoplasm":1,"minecraft:cracked_stone_bricks":8,"minecraft:stick":4,"minecraft:item_frame":9,"born_in_chaos_v1:black_argillite":1,"minecraft:diorite":4,"minecraft:iron_trapdoor":1,"minecraft:cornflower":2,"tombstone:grave_key":1,"minecraft:dark_oak_trapdoor":2,"luminousworld:savannah_ground":32,"tombstone:grave_dust":2,"minecraft:iron_leggings":1,"minecraft:iron_axe":1,"minecraft:smooth_stone":1,"minecraft:dark_oak_planks":1,"minecraft:tripwire_hook":2,"minecraft:white_wool":7,"minecraft:armor_stand":1,"minecraft:gold_ingot":1,"minecraft:stone_brick_slab":5,"iceandfire:dragonbone":1,"minecraft:bone":3,"minecraft:sugar_cane":12,"minecraft:golden_chestplate":1,"minecraft:cobbled_deepslate":544,"minecraft:tuff":58,"minecraft:wheat":11,"minecraft:obsidian":4,"tombstone:gift":3,"born_in_chaos_v1:ethereal_spirit":3,"iceandfire:witherbone":1,"minecraft:red_banner":1,"minecraft:rotten_flesh":11,"luminousworld:tall_deadbush":4,"minecraft:iron_boots":1,"minecraft:cooked_mutton":1,"luminousworld:savannah_soil":2,"minecraft:mangrove_sign":1,"minecraft:chainmail_chestplate":1,"stalwart_dungeons:diamond_hammer":5,"luminousworld:yellow_grassflowers":1,"minecraft:poppy":2,"minecraft:potato":1,"luminousworld:grassflowers":2,"minecraft:flower_pot":1,"luminousworld:groundpebbles_1":2,"minecraft:iron_chestplate":2,"minecraft:charcoal":8,"minecraft:andesite":65,"minecraft:melon_seeds":7,"minecraft:chainmail_boots":1,"minecraft:ladder":1,"minecraft:stone_bricks":13,"minecraft:painting":1,"luminousworld:elephant_grass":16,"sophisticatedbackpacks:copper_backpack":2,"minecraft:arrow":16,"minecraft:bow":4,"minecraft:calcite":6,"minecraft:stone_brick_stairs":8},"minecraft:used":{"minecraft:armor_stand":5,"luminousworld:tall_deadbush":1,"minecraft:iron_sword":5,"vanillaplustools:stone_hammer":6,"minecraft:cooked_chicken":2,"luminousworld:savannah_ground":4,"minecraft:rotten_flesh":3,"minecraft:mutton":1,"born_in_chaos_v1:corpse_maggot":2,"minecraft:stone_brick_slab":6,"stalwart_dungeons:diamond_hammer":1105,"luminousworld:elephant_grass":2,"minecraft:item_frame":1,"quark:acacia_ladder":1,"minecraft:beef":5,"luminousworld:savannah_soil":50,"minecraft:scaffolding":2,"minecraft:oak_sapling":1,"minecraft:acacia_fence":1,"minecraft:potato":17,"minecraft:cobbled_deepslate":135,"minecraft:acacia_planks":3,"naturalist:bass":2,"minecraft:wheat_seeds":2,"minecraft:cooked_mutton":6,"minecraft:mossy_stone_bricks":5,"minecraft:salmon":1,"naturalist:duck_egg":1,"minecraft:crafting_table":2,"quark:acacia_chest":1,"minecraft:cod":2,"minecraft:book":1,"minecraft:cake":2,"minecraft:oak_log":1,"earthmobsmod:duck_egg":1,"minecraft:apple":2,"minecraft:chicken":9,"minecraft:bread":33,"minecraft:iron_pickaxe":58,"minecraft:stone_button":1,"alexsmobs:kangaroo_meat":1,"quark:oak_chest":1,"minecraft:andesite":1,"minecraft:cobblestone":34,"minecraft:porkchop":4,"minecraft:red_banner":1,"minecraft:yellow_bed":1,"minecraft:cooked_porkchop":2,"minecraft:purple_carpet":1},"minecraft:killed_by":{"minecraft:husk":2,"minecraft:player":1,"minecraft:vindicator":1,"alexsmobs:crocodile":1,"minecraft:skeleton":1,"born_in_chaos_v1:scarlet_persecutor":1,"undead_revamp2:theheavy":1,"iceandfire:fire_dragon":1},"minecraft:custom":{"minecraft:mob_kills":64,"minecraft:interact_with_crafting_table":42,"minecraft:open_barrel":16,"minecraft:damage_dealt_resisted":586,"minecraft:eat_cake_slice":6,"minecraft:leave_game":6,"minecraft:time_since_death":49916,"minecraft:climb_one_cm":8346,"minecraft:sprint_one_cm":831076,"minecraft:walk_one_cm":472657,"minecraft:drop":463,"minecraft:play_noteblock":4,"minecraft:talked_to_villager":6,"minecraft:play_time":211674,"minecraft:deaths":15,"minecraft:sneak_time":777,"minecraft:walk_under_water_one_cm":7940,"minecraft:jump":4302,"minecraft:enchant_item":5,"minecraft:walk_on_water_one_cm":24045,"minecraft:total_world_time":211674,"minecraft:interact_with_furnace":37,"minecraft:tune_noteblock":2,"minecraft:sleep_in_bed":2,"minecraft:time_since_rest":49643,"minecraft:damage_taken":5811,"minecraft:damage_dealt":14134,"minecraft:player_kills":2,"minecraft:swim_one_cm":42008,"minecraft:fly_one_cm":767591,"minecraft:open_chest":110,"minecraft:crouch_one_cm":2227,"tombstone:undead_killed":21,"tombstone:villager_killed":2,"minecraft:fall_one_cm":109060}},"DataVersion":3465}