{"stats":{"minecraft:mined":{"minecraft:dark_oak_planks":1,"minecraft:tuff":12,"minecraft:attached_melon_stem":1,"minecraft:deepslate_diamond_ore":40,"minecraft:acacia_log":8,"luminousworld:grassvariant_2":1,"luminousworld:savanna_grass_2":44,"minecraft:spawner":2,"minecraft:hay_block":8,"quark:acacia_ladder":3,"minecraft:fire":2,"minecraft:cobbled_deepslate":31,"minecraft:stone":2,"luminousworld:savannah_soil":48,"minecraft:scaffolding":2,"luminousworld:tall_deadbush":5,"minecraft:melon_stem":9,"minecraft:stone_brick_slab":3,"minecraft:dandelion":1,"minecraft:red_banner":1,"minecraft:oak_fence":1,"minecraft:crafting_table":1,"minecraft:torch":3,"luminousworld:savannah_grass_1":42,"minecraft:calcite":3,"minecraft:poppy":1,"minecraft:campfire":4,"luminousworld:grassflowers":2,"minecraft:tall_grass":30,"minecraft:sugar_cane":14,"minecraft:wheat":394,"minecraft:stone_brick_stairs":1,"minecraft:yellow_bed":1,"minecraft:grass":50,"minecraft:oak_log":2,"luminousworld:grassvariant_3":1,"minecraft:cracked_stone_bricks":3,"minecraft:acacia_planks":1,"minecraft:stone_bricks":3,"luminousworld:elephant_grass":17,"luminousworld:savannah_grass_4":38,"minecraft:oak_leaves":18,"minecraft:deepslate":182,"minecraft:fern":4,"luminousworld:savannah_ground":25},"minecraft:crafted":{"minecraft:smooth_stone":1,"minecraft:oak_planks":12,"minecraft:stone":2,"stalwart_dungeons:diamond_hammer":1,"quark:acacia_ladder":4,"minecraft:cooked_mutton":2,"quark:acacia_chest":1,"minecraft:diamond_helmet":1,"minecraft:diamond_leggings":1,"minecraft:diamond_boots":1,"minecraft:wheat":72,"minecraft:cooked_porkchop":3,"minecraft:crafting_table":1,"minecraft:iron_sword":1,"minecraft:bread":117,"minecraft:stick":16,"quark:oak_chest":1,"minecraft:iron_ingot":13,"minecraft:iron_pickaxe":1,"minecraft:acacia_planks":32,"minecraft:diamond_chestplate":1},"minecraft:picked_up":{"minecraft:wooden_axe":1,"minecraft:charcoal":8,"minecraft:iron_chestplate":1,"luminousworld:groundpebbles_1":2,"minecraft:crafting_table":1,"minecraft:wheat":328,"minecraft:chicken":9,"minecraft:chainmail_boots":1,"iceandfire:witherbone":1,"minecraft:ladder":1,"minecraft:stone_brick_stairs":8,"born_in_chaos_v1:black_argillite":1,"minecraft:cornflower":1,"minecraft:dark_oak_trapdoor":2,"minecraft:raw_copper":7,"minecraft:wooden_sword":1,"minecraft:iron_leggings":1,"minecraft:item_frame":7,"minecraft:armor_stand":7,"minecraft:experience_bottle":3,"alexsmobs:emu_feather":2,"minecraft:cracked_stone_bricks":8,"minecraft:diamond_leggings":3,"minecraft:cobbled_deepslate":1024,"earthmobsmod:duck_egg":1,"minecraft:beef":5,"minecraft:calcite":3,"minecraft:poppy":2,"minecraft:sugar_cane":12,"minecraft:iron_boots":1,"minecraft:stick":1,"minecraft:oak_fence":1,"minecraft:acacia_log":8,"luminousworld:savannah_soil":40,"minecraft:porkchop":4,"minecraft:stone_button":1,"tombstone:grave_dust":1,"minecraft:diorite":4,"minecraft:mangrove_sign":1,"minecraft:redstone":9,"minecraft:golden_chestplate":1,"minecraft:dark_oak_planks":1,"luminousworld:grassflowers":2,"minecraft:stone_sword":1,"minecraft:arrow":10,"minecraft:rotten_flesh":3,"minecraft:diamond_chestplate":3,"luminousworld:yellow_grassflowers":1,"minecraft:diamond_boots":2,"minecraft:hay_block":8,"minecraft:gold_ingot":2,"luminousworld:tall_deadbush":2,"alexsmobs:kangaroo_meat":7,"minecraft:mutton":5,"quark:acacia_ladder":3,"minecraft:white_wool":3,"minecraft:cobblestone":3,"born_in_chaos_v1:fused_bone":1,"born_in_chaos_v1:corpse_maggot":2,"luminousworld:savannah_ground":36,"minecraft:feather":4,"minecraft:andesite":2,"minecraft:salmon":2,"luminousworld:ishstone":13,"minecraft:leather":4,"minecraft:potato":8,"minecraft:tuff":78,"minecraft:oak_log":4,"stalwart_dungeons:diamond_hammer":4,"minecraft:chainmail_chestplate":1,"minecraft:yellow_bed":1,"minecraft:lapis_lazuli":5,"minecraft:purple_carpet":1,"minecraft:cooked_mutton":1,"naturalist:bass":2,"minecraft:bone":4,"minecraft:acacia_planks":1,"minecraft:apple":2,"minecraft:stone_bricks":12,"minecraft:bow":6,"minecraft:wheat_seeds":841,"minecraft:iron_ingot":16,"luminousworld:elephant_grass":16,"minecraft:cooked_chicken":2,"minecraft:mossy_stone_bricks":5,"minecraft:diamond_helmet":2,"minecraft:iron_sword":1,"minecraft:dark_oak_stairs":2,"minecraft:book":4,"minecraft:scaffolding":2,"minecraft:cooked_porkchop":4,"minecraft:stone_brick_slab":11,"born_in_chaos_v1:ethereal_spirit":4,"minecraft:red_banner":1,"minecraft:bundle":1,"minecraft:diamond":38,"minecraft:iron_helmet":1,"minecraft:golden_apple":1,"minecraft:emerald":1,"minecraft:bread":26,"minecraft:oak_sapling":1,"minecraft:melon_seeds":7,"iceandfire:raw_silver":1},"minecraft:killed":{"earthmobsmod:duck":1,"luminousworld:swallowtail":1,"born_in_chaos_v1:scarlet_persecutor":2,"minecraft:horse":1,"minecraft:skeleton":3,"naturalist:bass":2,"alexsmobs:kangaroo":1,"born_in_chaos_v1:spirit_guide":1,"born_in_chaos_v1:baby_skeleton":1,"minecraft:iron_golem":1,"enemyexpansion:sprinter":1,"iceandfire:cockatrice":1,"alexsmobs:emu":1,"minecraft:sheep":3,"luminousworld:savannah_skeleton":1,"alexsmobs:gazelle":1,"born_in_chaos_v1:corpse_fly":6,"undead_revamp2:theskeeper":1,"bettermobs:capivara":1,"luminousworld:zebra":1,"minecraft:villager":2,"minecraft:cow":2},"minecraft:dropped":{"minecraft:iron_ingot":24,"minecraft:bread":52,"iceandfire:raw_silver":1,"minecraft:dark_oak_stairs":2,"minecraft:wheat_seeds":861,"luminousworld:ishstone":13,"minecraft:diamond":3,"minecraft:iron_helmet":1,"minecraft:oak_fence":1,"minecraft:feather":4,"minecraft:cobblestone":3,"minecraft:book":3,"minecraft:leather":2,"minecraft:cracked_stone_bricks":8,"minecraft:item_frame":6,"minecraft:stick":4,"born_in_chaos_v1:black_argillite":1,"minecraft:diorite":4,"minecraft:cornflower":1,"tombstone:grave_key":1,"minecraft:dark_oak_trapdoor":2,"luminousworld:savannah_ground":32,"tombstone:grave_dust":1,"minecraft:iron_leggings":1,"minecraft:dark_oak_planks":1,"minecraft:white_wool":3,"minecraft:armor_stand":1,"minecraft:stone_brick_slab":5,"minecraft:gold_ingot":1,"minecraft:bone":3,"minecraft:sugar_cane":12,"minecraft:golden_chestplate":1,"minecraft:cobbled_deepslate":544,"minecraft:tuff":58,"minecraft:wheat":10,"tombstone:gift":2,"born_in_chaos_v1:ethereal_spirit":3,"iceandfire:witherbone":1,"luminousworld:savannah_soil":2,"minecraft:mangrove_sign":1,"minecraft:chainmail_chestplate":1,"stalwart_dungeons:diamond_hammer":3,"luminousworld:yellow_grassflowers":1,"minecraft:poppy":2,"luminousworld:grassflowers":2,"minecraft:charcoal":8,"minecraft:iron_chestplate":2,"luminousworld:groundpebbles_1":2,"minecraft:andesite":64,"minecraft:melon_seeds":7,"minecraft:chainmail_boots":1,"minecraft:ladder":1,"minecraft:stone_bricks":13,"luminousworld:elephant_grass":14,"minecraft:arrow":6,"minecraft:bow":2,"minecraft:calcite":3,"minecraft:stone_brick_stairs":8},"minecraft:killed_by":{"minecraft:player":1,"minecraft:vindicator":1,"alexsmobs:crocodile":1,"born_in_chaos_v1:scarlet_persecutor":1,"undead_revamp2:theheavy":1,"iceandfire:fire_dragon":1},"minecraft:used":{"minecraft:armor_stand":5,"luminousworld:tall_deadbush":1,"minecraft:iron_sword":5,"vanillaplustools:stone_hammer":6,"luminousworld:savannah_ground":4,"minecraft:rotten_flesh":3,"minecraft:mutton":1,"born_in_chaos_v1:corpse_maggot":2,"minecraft:stone_brick_slab":6,"stalwart_dungeons:diamond_hammer":762,"luminousworld:elephant_grass":1,"minecraft:item_frame":1,"quark:acacia_ladder":1,"minecraft:beef":4,"luminousworld:savannah_soil":38,"minecraft:scaffolding":2,"minecraft:oak_sapling":1,"minecraft:potato":17,"minecraft:cobbled_deepslate":134,"minecraft:acacia_planks":3,"naturalist:bass":2,"minecraft:cooked_mutton":3,"minecraft:mossy_stone_bricks":5,"minecraft:salmon":1,"minecraft:crafting_table":2,"quark:acacia_chest":1,"minecraft:cod":2,"minecraft:book":1,"minecraft:oak_log":1,"earthmobsmod:duck_egg":1,"minecraft:apple":2,"minecraft:chicken":9,"minecraft:bread":22,"minecraft:iron_pickaxe":58,"minecraft:stone_button":1,"alexsmobs:kangaroo_meat":1,"minecraft:cobblestone":1,"minecraft:porkchop":4,"minecraft:cooked_porkchop":2,"quark:oak_chest":1,"minecraft:yellow_bed":1,"minecraft:purple_carpet":1},"minecraft:custom":{"minecraft:mob_kills":36,"minecraft:interact_with_crafting_table":32,"minecraft:open_barrel":11,"minecraft:damage_dealt_resisted":101,"minecraft:leave_game":5,"minecraft:time_since_death":17175,"minecraft:climb_one_cm":5914,"minecraft:sprint_one_cm":642816,"minecraft:walk_one_cm":316670,"minecraft:drop":402,"minecraft:talked_to_villager":5,"minecraft:play_time":153371,"minecraft:deaths":10,"minecraft:sneak_time":520,"minecraft:walk_under_water_one_cm":7070,"minecraft:jump":3328,"minecraft:walk_on_water_one_cm":21451,"minecraft:total_world_time":153371,"minecraft:interact_with_furnace":25,"minecraft:sleep_in_bed":2,"minecraft:time_since_rest":17029,"minecraft:damage_taken":3903,"minecraft:damage_dealt":8554,"minecraft:player_kills":2,"minecraft:swim_one_cm":36981,"minecraft:fly_one_cm":601478,"minecraft:open_chest":57,"minecraft:crouch_one_cm":1640,"tombstone:undead_killed":8,"tombstone:villager_killed":2,"minecraft:fall_one_cm":84474}},"DataVersion":3465}