{"stats":{"minecraft:custom":{"minecraft:interact_with_furnace":5,"minecraft:mob_kills":9,"minecraft:interact_with_crafting_table":25,"minecraft:leave_game":2,"minecraft:time_since_death":20227,"minecraft:sleep_in_bed":3,"minecraft:climb_one_cm":621,"minecraft:time_since_rest":3909,"minecraft:sprint_one_cm":209817,"minecraft:damage_taken":851,"minecraft:walk_one_cm":166244,"minecraft:drop":82,"minecraft:damage_dealt":865,"minecraft:swim_one_cm":1427,"minecraft:talked_to_villager":2,"minecraft:fly_one_cm":239078,"minecraft:open_chest":23,"minecraft:crouch_one_cm":780,"minecraft:play_time":98067,"tombstone:undead_killed":1,"minecraft:deaths":2,"minecraft:sneak_time":435,"minecraft:walk_under_water_one_cm":660,"minecraft:jump":1439,"minecraft:walk_on_water_one_cm":12944,"minecraft:total_world_time":98067,"minecraft:fall_one_cm":30970},"minecraft:picked_up":{"minecraft:birch_log":26,"minecraft:cocoa_beans":8,"minecraft:wheat":6,"minecraft:feather":2,"minecraft:chicken":1,"minecraft:jungle_log":7,"minecraft:leather":5,"minecraft:oak_log":62,"minecraft:dirt":46,"minecraft:orange_terracotta":4,"minecraft:acacia_planks":5,"minecraft:wheat_seeds":36,"minecraft:beef":4,"minecraft:stripped_oak_wood":2,"minecraft:chest":1,"minecraft:acacia_sapling":25,"minecraft:egg":1,"minecraft:stick":21,"minecraft:torch":1,"minecraft:acacia_log":80,"minecraft:blue_carpet":11,"minecraft:rotten_flesh":8,"minecraft:light_gray_bed":1,"minecraft:hay_block":7,"minecraft:yellow_terracotta":2,"minecraft:oak_sapling":3,"minecraft:acacia_slab":2,"minecraft:mutton":5,"minecraft:white_wool":4,"minecraft:cobblestone":159},"minecraft:used":{"minecraft:acacia_trapdoor":2,"minecraft:stone_pickaxe":164,"minecraft:oak_planks":12,"minecraft:chest":3,"minecraft:wooden_pickaxe":31,"minecraft:torch":3,"minecraft:dirt":26,"minecraft:mutton":5,"minecraft:yellow_terracotta":2,"minecraft:crafting_table":2,"minecraft:acacia_sapling":25,"minecraft:wooden_axe":139,"minecraft:chicken":1,"minecraft:bread":8,"minecraft:acacia_slab":32,"minecraft:stone_axe":129,"minecraft:blue_carpet":8,"minecraft:cobblestone":136,"minecraft:beef":4,"minecraft:oak_sapling":1,"minecraft:stripped_oak_wood":2,"alexsmobs:animal_dictionary":9,"minecraft:egg":1,"minecraft:acacia_planks":49,"minecraft:orange_terracotta":4,"minecraft:light_gray_bed":1},"minecraft:killed":{"minecraft:sheep":3,"luminousworld:savannah_skeleton":1,"minecraft:chicken":1,"luminousworld:charaxes":1,"minecraft:cow":3},"minecraft:dropped":{"minecraft:wheat_seeds":36,"minecraft:cocoa_beans":8,"minecraft:wheat":3,"minecraft:feather":2,"minecraft:rotten_flesh":8,"minecraft:leather":3,"minecraft:stick":15,"minecraft:dirt":10,"minecraft:oak_sapling":2,"minecraft:wooden_pickaxe":1,"minecraft:blue_carpet":3,"minecraft:white_wool":4,"minecraft:acacia_planks":1},"minecraft:killed_by":{"minecraft:player":1},"minecraft:mined":{"minecraft:yellow_terracotta":2,"minecraft:blue_carpet":8,"minecraft:orange_terracotta":4,"minecraft:torch":1,"minecraft:acacia_log":96,"minecraft:grass_block":26,"minecraft:chest":1,"minecraft:jungle_log":7,"minecraft:light_gray_bed":1,"minecraft:tall_grass":4,"minecraft:cobblestone":12,"minecraft:acacia_slab":2,"minecraft:hay_block":7,"minecraft:birch_log":26,"minecraft:wheat":19,"minecraft:orange_stained_glass_pane":2,"minecraft:birch_leaves":1,"minecraft:stripped_oak_wood":2,"minecraft:grass":31,"minecraft:oak_log":67,"minecraft:dirt_path":1,"minecraft:acacia_fence":1,"minecraft:dirt":20,"minecraft:acacia_planks":1,"minecraft:stone":159,"minecraft:oak_leaves":1},"minecraft:crafted":{"minecraft:oak_planks":28,"minecraft:crafting_table":2,"minecraft:acacia_slab":30,"minecraft:wooden_pickaxe":1,"minecraft:acacia_trapdoor":2,"minecraft:stone_axe":2,"minecraft:bread":22,"minecraft:stick":16,"minecraft:stone_pickaxe":2,"minecraft:wooden_axe":2,"minecraft:chest":2,"minecraft:acacia_planks":168,"minecraft:wheat":63},"minecraft:broken":{"minecraft:stone_pickaxe":1,"minecraft:wooden_axe":2}},"DataVersion":3465}