{"stats":{"minecraft:killed_by":{"minecraft:vindicator":1,"alexsmobs:crocodile":1},"minecraft:crafted":{"minecraft:iron_sword":1,"minecraft:bread":5,"quark:acacia_ladder":4,"minecraft:stick":12,"minecraft:acacia_planks":28},"minecraft:custom":{"minecraft:mob_kills":2,"minecraft:interact_with_crafting_table":5,"minecraft:time_since_death":6501,"minecraft:sleep_in_bed":2,"minecraft:time_since_rest":2484,"minecraft:sprint_one_cm":159004,"minecraft:damage_taken":782,"minecraft:walk_one_cm":54110,"minecraft:drop":188,"minecraft:damage_dealt":1076,"minecraft:swim_one_cm":4822,"minecraft:talked_to_villager":5,"minecraft:fly_one_cm":146040,"minecraft:open_chest":13,"minecraft:crouch_one_cm":806,"minecraft:play_time":29534,"minecraft:deaths":2,"minecraft:sneak_time":189,"minecraft:walk_under_water_one_cm":1002,"minecraft:jump":695,"minecraft:walk_on_water_one_cm":6853,"minecraft:total_world_time":29534,"minecraft:fall_one_cm":12743},"minecraft:mined":{"luminousworld:savannah_soil":7,"minecraft:scaffolding":2,"minecraft:melon_stem":3,"luminousworld:savannah_grass_1":3,"minecraft:acacia_log":7,"minecraft:poppy":1,"minecraft:campfire":4,"luminousworld:grassflowers":1,"minecraft:tall_grass":5,"luminousworld:savanna_grass_2":6,"minecraft:hay_block":8,"quark:acacia_ladder":3,"minecraft:wheat":259,"minecraft:yellow_bed":1,"minecraft:grass":14,"luminousworld:elephant_grass":2,"luminousworld:savannah_grass_4":2,"luminousworld:savannah_ground":4},"minecraft:killed":{"earthmobsmod:duck":1,"minecraft:iron_golem":1},"minecraft:picked_up":{"minecraft:charcoal":8,"minecraft:wheat":182,"luminousworld:savannah_ground":4,"minecraft:feather":2,"minecraft:chicken":8,"minecraft:salmon":2,"minecraft:leather":2,"minecraft:potato":8,"minecraft:oak_log":1,"minecraft:yellow_bed":1,"minecraft:item_frame":5,"minecraft:cooked_mutton":1,"minecraft:armor_stand":1,"minecraft:experience_bottle":2,"minecraft:apple":1,"minecraft:wheat_seeds":559,"minecraft:iron_ingot":6,"luminousworld:elephant_grass":2,"minecraft:poppy":1,"minecraft:sugar_cane":1,"minecraft:book":1,"minecraft:scaffolding":2,"minecraft:cooked_porkchop":4,"minecraft:acacia_log":7,"luminousworld:savannah_soil":7,"minecraft:porkchop":4,"minecraft:golden_chestplate":1,"luminousworld:yellow_grassflowers":1,"minecraft:hay_block":8,"minecraft:gold_ingot":1,"minecraft:emerald":1,"minecraft:melon_seeds":1,"quark:acacia_ladder":3},"minecraft:used":{"minecraft:cooked_mutton":1,"minecraft:iron_sword":2,"luminousworld:savannah_ground":3,"minecraft:salmon":1,"minecraft:book":1,"minecraft:apple":1,"minecraft:bread":5,"minecraft:item_frame":1,"quark:acacia_ladder":1,"luminousworld:savannah_soil":7,"minecraft:scaffolding":2,"minecraft:yellow_bed":1},"minecraft:dropped":{"minecraft:sugar_cane":1,"minecraft:wheat_seeds":559,"minecraft:wheat":2,"tombstone:gift":1,"minecraft:feather":2,"minecraft:item_frame":2,"luminousworld:yellow_grassflowers":1,"tombstone:grave_key":1,"minecraft:charcoal":8,"minecraft:melon_seeds":1,"minecraft:stone_bricks":1,"luminousworld:elephant_grass":1,"minecraft:armor_stand":1}},"DataVersion":3465}