{
  "iceandfire:iceandfire/root": {
    "criteria": {
      "tick": "2024-07-12 02:24:08 +0000"
    },
    "done": true
  },
  "takesapillage:root": {
    "criteria": {
      "always": "2024-07-12 02:24:08 +0000"
    },
    "done": true
  },
  "explorerscompass:explorers_compass_cracked_stone_bricks": {
    "criteria": {
      "has_recipe": "2024-07-12 02:24:08 +0000"
    },
    "done": true
  },
  "dungeons_arise:wda_root": {
    "criteria": {
      "WDA": "2024-07-12 02:24:08 +0000"
    },
    "done": true
  },
  "undead_revamp2:theundeadchallenges": {
    "criteria": {
      "theundeadchallenges": "2024-07-12 02:24:08 +0000"
    },
    "done": true
  },
  "friendsandfoes:misc/yellow_dye_from_buttercup": {
    "criteria": {
      "has_the_recipe": "2024-07-12 02:24:08 +0000"
    },
    "done": true
  },
  "naturescompass:natures_compass_log": {
    "criteria": {
      "has_recipe": "2024-07-12 02:24:08 +0000"
    },
    "done": true
  },
  "naturescompass:natures_compass": {
    "criteria": {
      "has_recipe": "2024-07-12 02:24:08 +0000"
    },
    "done": true
  },
  "naturescompass:natures_compass_sapling": {
    "criteria": {
      "has_recipe": "2024-07-12 02:24:08 +0000"
    },
    "done": true
  },
  "mowziesmobs:root": {
    "criteria": {
      "custom_test_name": "2024-07-12 02:24:08 +0000"
    },
    "done": true
  },
  "betterdungeons:root": {
    "criteria": {
      "always": "2024-07-12 02:24:08 +0000"
    },
    "done": true
  },
  "placeablesmod:placeables": {
    "criteria": {
      "placeables": "2024-07-12 02:24:08 +0000"
    },
    "done": true
  },
  "explorerscompass:explorers_compass_cobweb": {
    "criteria": {
      "has_recipe": "2024-07-12 02:24:08 +0000"
    },
    "done": true
  },
  "eeeabsmobs:eeeabsmobs/root": {
    "criteria": {
      "requirement": "2024-07-12 02:24:08 +0000"
    },
    "done": true
  },
  "betterdeserttemples:root": {
    "criteria": {
      "always": "2024-07-12 02:24:08 +0000"
    },
    "done": true
  },
  "cataclysm:root": {
    "criteria": {
      "custom_test_name": "2024-07-12 02:24:08 +0000"
    },
    "done": true
  },
  "incendium:technical/new_player": {
    "criteria": {
      "requirement": "2024-07-12 02:24:08 +0000"
    },
    "done": true
  },
  "explorerscompass:explorers_compass": {
    "criteria": {
      "has_recipe": "2024-07-12 02:24:08 +0000"
    },
    "done": true
  },
  "incendium:technical/scroll_of_returning": {
    "criteria": {
      "log_spam_fixer": "2024-07-12 02:24:10 +0000"
    },
    "done": false
  },
  "incendium:technical/using/ragnarok": {
    "criteria": {
      "log_spam_fixer": "2024-07-12 02:24:10 +0000"
    },
    "done": false
  },
  "incendium:technical/using/trailblazer": {
    "criteria": {
      "log_spam_fixer": "2024-07-12 02:24:10 +0000"
    },
    "done": false
  },
  "minecraft:adventure/adventuring_time": {
    "criteria": {
      "quark:glimmering_weald": "2024-07-12 03:08:30 +0000",
      "minecraft:birch_forest": "2024-07-12 07:34:44 +0000",
      "minecraft:savanna_plateau": "2024-07-12 02:24:54 +0000",
      "minecraft:beach": "2024-07-12 07:26:17 +0000",
      "minecraft:sparse_jungle": "2024-07-12 07:20:52 +0000",
      "minecraft:river": "2024-07-12 02:26:50 +0000",
      "minecraft:lukewarm_ocean": "2024-07-12 07:26:23 +0000",
      "minecraft:stony_shore": "2024-07-12 07:22:01 +0000",
      "minecraft:dripstone_caves": "2024-07-12 07:07:34 +0000",
      "minecraft:grove": "2024-07-13 09:48:54 +0000",
      "minecraft:forest": "2024-07-12 05:39:05 +0000",
      "minecraft:jungle": "2024-07-12 05:39:51 +0000",
      "minecraft:ocean": "2024-07-12 07:45:06 +0000",
      "minecraft:old_growth_birch_forest": "2024-07-12 07:33:30 +0000",
      "minecraft:meadow": "2024-07-13 09:48:08 +0000",
      "minecraft:savanna": "2024-07-12 02:24:10 +0000",
      "minecraft:plains": "2024-07-12 02:27:51 +0000"
    },
    "done": false
  },
  "incendium:technical/using/shield": {
    "criteria": {
      "log_spam_fixer": "2024-07-12 02:24:10 +0000"
    },
    "done": false
  },
  "tombstone:adventure/root": {
    "criteria": {
      "auto": "2024-07-12 02:24:10 +0000"
    },
    "done": true
  },
  "mutantmonsters:root": {
    "criteria": {
      "killed_by_something": "2024-07-12 02:26:24 +0000"
    },
    "done": true
  },
  "tombstone:adventure/first_grave": {
    "criteria": {
      "coded_trigger": "2024-07-12 02:26:24 +0000"
    },
    "done": true
  },
  "minecraft:adventure/root": {
    "criteria": {
      "killed_by_something": "2024-07-12 02:26:24 +0000"
    },
    "done": true
  },
  "tombstone:recipes/from_grave_key": {
    "criteria": {
      "has_ingredient": "2024-07-12 02:26:25 +0000"
    },
    "done": true
  },
  "tombstone:adventure/cancel_ghostly_shape": {
    "criteria": {
      "coded_trigger": "2024-07-12 02:27:09 +0000"
    },
    "done": true
  },
  "tombstone:recipes/from_grave_dust": {
    "criteria": {
      "has_ingredient": "2024-07-12 02:29:41 +0000"
    },
    "done": true
  },
  "minecraft:story/smelt_iron": {
    "criteria": {
      "iron": "2024-07-12 02:30:23 +0000"
    },
    "done": true
  },
  "minecraft:husbandry/balanced_diet": {
    "criteria": {
      "apple": "2024-07-13 00:57:46 +0000",
      "pumpkin_pie": "2024-07-13 06:29:32 +0000",
      "bread": "2024-07-12 02:32:48 +0000",
      "golden_apple": "2024-07-12 06:16:49 +0000",
      "enchanted_golden_apple": "2024-07-13 01:00:51 +0000",
      "cod": "2024-07-12 07:48:57 +0000"
    },
    "done": false
  },
  "minecraft:husbandry/root": {
    "criteria": {
      "consumed_item": "2024-07-12 02:32:48 +0000"
    },
    "done": true
  },
  "minecraft:adventure/sleep_in_bed": {
    "criteria": {
      "slept_in_bed": "2024-07-12 02:33:58 +0000"
    },
    "done": true
  },
  "minecraft:story/root": {
    "criteria": {
      "crafting_table": "2024-07-12 02:42:00 +0000"
    },
    "done": true
  },
  "alexsmobs:alexsmobs/crocodile": {
    "criteria": {
      "killed_by": "2024-07-12 02:43:01 +0000"
    },
    "done": true
  },
  "tombstone:adventure/chain_death": {
    "criteria": {
      "coded_trigger": "2024-07-12 02:43:45 +0000"
    },
    "done": true
  },
  "tombstone:adventure/first_knowledge": {
    "criteria": {
      "coded_trigger": "2024-07-12 02:43:45 +0000"
    },
    "done": true
  },
  "minecraft:story/mine_stone": {
    "criteria": {
      "get_stone": "2024-07-12 02:49:44 +0000"
    },
    "done": true
  },
  "minecraft:story/upgrade_tools": {
    "criteria": {
      "stone_pickaxe": "2024-07-12 02:51:39 +0000"
    },
    "done": true
  },
  "minecraft:story/iron_tools": {
    "criteria": {
      "iron_pickaxe": "2024-07-12 03:04:17 +0000"
    },
    "done": true
  },
  "minecraft:story/mine_diamond": {
    "criteria": {
      "diamond": "2024-07-12 03:04:27 +0000"
    },
    "done": true
  },
  "betterdungeons:all_dungeons": {
    "criteria": {
      "in_better_skeleton_dungeon": "2024-07-12 03:06:16 +0000"
    },
    "done": false
  },
  "betterdungeons:skeleton_dungeon": {
    "criteria": {
      "in_better_skeleton_dungeon": "2024-07-12 03:06:16 +0000"
    },
    "done": true
  },
  "minecraft:story/shiny_gear": {
    "criteria": {
      "diamond_chestplate": "2024-07-12 03:07:08 +0000"
    },
    "done": true
  },
  "undead_revamp2:daddy": {
    "criteria": {
      "daddy": "2024-07-12 03:26:53 +0000"
    },
    "done": true
  },
  "tombstone:adventure/find_grave_dust": {
    "criteria": {
      "from_undead": "2024-07-12 03:26:53 +0000"
    },
    "done": true
  },
  "tombstone:adventure/create_familiar_receptacle": {
    "criteria": {
      "has_familiar_receptacle": "2024-07-12 05:36:15 +0000"
    },
    "done": true
  },
  "minecraft:adventure/kill_all_mobs": {
    "criteria": {
      "minecraft:skeleton": "2024-07-12 05:42:12 +0000",
      "minecraft:hoglin": "2024-07-13 06:06:26 +0000",
      "minecraft:vindicator": "2024-07-12 05:57:00 +0000",
      "minecraft:magma_cube": "2024-07-13 06:49:49 +0000",
      "minecraft:piglin_brute": "2024-07-13 07:04:26 +0000",
      "minecraft:phantom": "2024-07-13 06:05:36 +0000",
      "minecraft:wither_skeleton": "2024-07-13 06:05:41 +0000",
      "minecraft:husk": "2024-07-12 05:41:20 +0000",
      "minecraft:piglin": "2024-07-13 07:02:05 +0000",
      "minecraft:zombie": "2024-07-12 06:32:16 +0000",
      "quark:foxhound": "2024-07-13 07:10:00 +0000"
    },
    "done": false
  },
  "minecraft:adventure/kill_a_mob": {
    "criteria": {
      "minecraft:husk": "2024-07-12 05:41:20 +0000"
    },
    "done": true
  },
  "tombstone:adventure/ambush": {
    "criteria": {
      "coded_trigger": "2024-07-12 05:57:00 +0000"
    },
    "done": true
  },
  "tombstone:adventure/ashes_and_bones": {
    "criteria": {
      "coded_trigger": "2024-07-12 06:05:56 +0000"
    },
    "done": true
  },
  "supplementaries:adventure/way_sign": {
    "criteria": {
      "bastion": "2024-07-12 06:09:04 +0000"
    },
    "done": true
  },
  "alexsmobs:alexsmobs/kangaroo": {
    "criteria": {
      "killed_by": "2024-07-12 06:10:56 +0000"
    },
    "done": true
  },
  "iceandfire:iceandfire/kill_if_dragon": {
    "criteria": {
      "killed_fire_dragon": "2024-07-12 06:15:40 +0000"
    },
    "done": true
  },
  "dungeons_arise:find_bathhouse": {
    "criteria": {
      "location0": "2024-07-12 06:17:13 +0000"
    },
    "done": true
  },
  "undead_revamp2:nightnight": {
    "criteria": {
      "nightnight": "2024-07-12 06:30:43 +0000"
    },
    "done": true
  },
  "undead_revamp2:nowyouknow": {
    "criteria": {
      "nowyouknow": "2024-07-12 06:31:17 +0000"
    },
    "done": true
  },
  "minecraft:story/form_obsidian": {
    "criteria": {
      "obsidian": "2024-07-12 06:43:38 +0000"
    },
    "done": true
  },
  "minecraft:story/enchant_item": {
    "criteria": {
      "enchanted_item": "2024-07-12 07:04:23 +0000"
    },
    "done": true
  },
  "mowziesmobs:kill_naga": {
    "criteria": {
      "naga": "2024-07-12 07:25:38 +0000"
    },
    "done": true
  },
  "alexsmobs:alexsmobs/seagull_steal": {
    "criteria": {
      "ex": "2024-07-12 07:43:27 +0000"
    },
    "done": true
  },
  "iceandfire:iceandfire/kill_sea_serpent": {
    "criteria": {
      "killed_fire_dragon": "2024-07-12 07:49:14 +0000"
    },
    "done": true
  },
  "undead_revamp2:devillhunter": {
    "criteria": {
      "devillhunter": "2024-07-13 01:04:28 +0000"
    },
    "done": true
  },
  "twilightforest:mazebreaker": {
    "criteria": {
      "pick": "2024-07-13 01:27:10 +0000"
    },
    "done": true
  },
  "iceandfire:iceandfire/kill_ghost": {
    "criteria": {
      "killed_fire_dragon": "2024-07-13 05:56:33 +0000"
    },
    "done": true
  },
  "dungeons_arise:find_heavenly_rider": {
    "criteria": {
      "location0": "2024-07-13 06:04:33 +0000"
    },
    "done": true
  },
  "deeperdarker:main/kill_all_sculk_mobs": {
    "criteria": {
      "phantom": "2024-07-13 06:05:36 +0000"
    },
    "done": false
  },
  "minecraft:story/obtain_armor": {
    "criteria": {
      "iron_chestplate": "2024-07-13 06:07:06 +0000"
    },
    "done": true
  },
  "minecraft:nether/get_wither_skull": {
    "criteria": {
      "wither_skull": "2024-07-13 06:08:18 +0000"
    },
    "done": true
  },
  "tombstone:adventure/strong_or_careful": {
    "criteria": {
      "coded_trigger": "2024-07-13 06:11:12 +0000"
    },
    "done": true
  },
  "tombstone:adventure/bone_crusher": {
    "criteria": {
      "coded_trigger": "2024-07-13 06:12:59 +0000"
    },
    "done": true
  },
  "tombstone:adventure/fortuitous_militia": {
    "criteria": {
      "coded_trigger": "2024-07-13 06:17:21 +0000"
    },
    "done": true
  },
  "minecraft:nether/obtain_crying_obsidian": {
    "criteria": {
      "crying_obsidian": "2024-07-13 06:40:46 +0000"
    },
    "done": true
  },
  "minecraft:story/lava_bucket": {
    "criteria": {
      "lava_bucket": "2024-07-13 06:42:30 +0000"
    },
    "done": true
  },
  "incendium:root": {
    "criteria": {
      "requirement": "2024-07-13 06:47:06 +0000"
    },
    "done": true
  },
  "minecraft:nether/root": {
    "criteria": {
      "entered_nether": "2024-07-13 06:47:06 +0000"
    },
    "done": true
  },
  "minecraft:story/enter_the_nether": {
    "criteria": {
      "entered_nether": "2024-07-13 06:47:06 +0000"
    },
    "done": true
  },
  "minecraft:nether/explore_nether": {
    "criteria": {
      "minecraft:soul_sand_valley": "2024-07-13 07:03:06 +0000",
      "minecraft:basalt_deltas": "2024-07-13 06:47:18 +0000"
    },
    "done": false
  },
  "alexsmobs:alexsmobs/straddler": {
    "criteria": {
      "killed_by": "2024-07-13 06:48:22 +0000"
    },
    "done": true
  },
  "undead_revamp2:cloggeradvance": {
    "criteria": {
      "cloggeradvance": "2024-07-13 09:38:19 +0000"
    },
    "done": true
  },
  "aether:icestone": {
    "criteria": {
      "icestone": "2024-07-13 07:32:54 +0000"
    },
    "done": true
  },
  "friendsandfoes:adventure/kill_illusioner": {
    "criteria": {
      "killed_illusioner": "2024-07-13 09:48:23 +0000"
    },
    "done": true
  },
  "aether:craft_altar": {
    "criteria": {
      "craft_altar": "2024-07-13 07:45:21 +0000"
    },
    "done": true
  },
  "friendsandfoes:adventure/the_magicians": {
    "criteria": {
      "killed_illusioner": "2024-07-13 09:48:23 +0000"
    },
    "done": false
  },
  "dungeons_arise:find_abandoned_temple": {
    "criteria": {
      "location0": "2024-07-13 09:48:20 +0000"
    },
    "done": true
  },
  "incendium:misc/root": {
    "criteria": {
      "incendium:weeping_valley": "2024-07-13 07:00:09 +0000"
    },
    "done": true
  },
  "aether:enter_aether": {
    "criteria": {
      "enter_aether": "2024-07-13 07:32:08 +0000"
    },
    "done": true
  },
  "aether:silver_dungeon": {
    "criteria": {
      "kill_valkyrie_queen": "2024-07-13 08:39:23 +0000"
    },
    "done": true
  },
  "minecraft:nether/loot_bastion": {
    "criteria": {
      "loot_bastion_other": "2024-07-13 07:03:31 +0000"
    },
    "done": true
  },
  "aether:enchanted_gravitite": {
    "criteria": {
      "enchanted_gravitite": "2024-07-13 07:47:16 +0000"
    },
    "done": true
  },
  "artifacts:amateur_archaeologist": {
    "criteria": {
      "find_artifact": "2024-07-13 07:04:02 +0000"
    },
    "done": true
  },
  "minecraft:nether/find_bastion": {
    "criteria": {
      "bastion": "2024-07-13 07:01:49 +0000"
    },
    "done": true
  },
  "incendium:misc/soul_searcher": {
    "criteria": {
      "incendium:weeping_valley": "2024-07-13 07:00:09 +0000"
    },
    "done": false
  },
  "minecraft:nether/obtain_ancient_debris": {
    "criteria": {
      "ancient_debris": "2024-07-13 07:13:06 +0000"
    },
    "done": true
  },
  "alexscaves:alexscaves/cave_tablet": {
    "criteria": {
      "cave_tablet": "2024-07-13 07:08:12 +0000"
    },
    "done": true
  },
  "tombstone:adventure/create_voodoo_poppet": {
    "criteria": {
      "has_voodoo_poppet": "2024-07-13 08:41:40 +0000"
    },
    "done": true
  },
  "aether:zanite": {
    "criteria": {
      "zanite": "2024-07-13 07:44:36 +0000"
    },
    "done": true
  },
  "aether:bronze_dungeon": {
    "criteria": {
      "kill_slider": "2024-07-13 08:00:43 +0000"
    },
    "done": true
  },
  "tombstone:adventure/enchant_voodoo_poppet": {
    "criteria": {
      "has_enchanted_voodoo_poppet": "2024-07-13 08:41:40 +0000"
    },
    "done": true
  },
  "aether:read_lore": {
    "criteria": {
      "lore_book_entry": "2024-07-13 07:37:25 +0000"
    },
    "done": true
  },
  "aether:the_aether": {
    "criteria": {
      "the_aether": "2024-07-13 07:32:08 +0000"
    },
    "done": true
  },
  "DataVersion": 3465
}